id,user_id,institution_id,point_name,balance,last_synced_at,created_at,updated_at
1,1,3,마이신한포인트,28000,2026-06-19 08:00:00,2026-01-15 10:13:00,2026-06-19 08:00:00
2,3,10,마이신한포인트,15400,2026-06-25 09:00:00,2026-02-15 10:00:00,2026-06-25 09:00:00
3,4,17,마이신한포인트,18200,2026-06-27 09:00:00,2026-03-10 10:07:00,2026-06-27 09:00:00
4,4,26,네이버페이 포인트,12400,2026-06-27 09:00:00,2026-03-10 10:16:00,2026-06-27 09:00:00
5,4,27,카카오페이 포인트,3100,2026-06-27 09:00:00,2026-03-10 10:17:00,2026-06-27 09:00:00
6,4,28,토스 포인트,1850,2026-06-27 09:00:00,2026-03-10 10:18:00,2026-06-27 09:00:00
7,4,29,OK캐쉬백,7600,2026-06-27 09:00:00,2026-03-10 10:19:00,2026-06-27 09:00:00
8,4,30,엘포인트,9300,2026-06-27 09:00:00,2026-03-10 10:20:00,2026-06-27 09:00:00
9,4,31,CJ ONE,4500,2026-06-27 09:00:00,2026-03-10 10:21:00,2026-06-27 09:00:00
