id,user_id,card_id,merchant_name,mcc,category,amount,paid_at,is_cancelled,is_roundup_collected,roundup_collected_at,roundup_amount,created_at
1,1,1,이마트,,식료품·비주류음료,73400.0000,2026-04-02 11:20:00,FALSE,TRUE,2026-04-02 11:20:00,600.0000,2026-04-02 11:20:00
2,1,1,GS25,,식료품·비주류음료,3800.0000,2026-04-04 15:30:00,FALSE,TRUE,2026-04-04 15:30:00,200.0000,2026-04-04 15:30:00
3,1,1,스타벅스,,음식·숙박,5600.0000,2026-04-06 10:30:00,FALSE,TRUE,2026-04-06 10:30:00,400.0000,2026-04-06 10:30:00
4,1,1,약국,,보건,8900.0000,2026-04-07 15:30:00,FALSE,TRUE,2026-04-07 15:30:00,100.0000,2026-04-07 15:30:00
5,1,1,교통카드충전,,교통,30000.0000,2026-04-09 08:30:00,FALSE,TRUE,2026-04-09 08:30:00,0.0000,2026-04-09 08:30:00
6,1,1,마켓컬리,,식료품·비주류음료,54300.0000,2026-04-11 09:00:00,FALSE,TRUE,2026-04-11 09:00:00,700.0000,2026-04-11 09:00:00
7,1,1,CU편의점,,식료품·비주류음료,4200.0000,2026-04-12 14:20:00,FALSE,TRUE,2026-04-12 14:20:00,800.0000,2026-04-12 14:20:00
8,1,1,투썸플레이스,,음식·숙박,9500.0000,2026-04-14 10:30:00,FALSE,TRUE,2026-04-14 10:30:00,500.0000,2026-04-14 10:30:00
9,1,1,올리브영,,보건,23700.0000,2026-04-15 14:00:00,FALSE,TRUE,2026-04-15 14:00:00,300.0000,2026-04-15 14:00:00
10,1,1,이마트,,식료품·비주류음료,38600.0000,2026-04-17 11:00:00,FALSE,TRUE,2026-04-17 11:00:00,400.0000,2026-04-17 11:00:00
11,1,2,배달의민족,,음식·숙박,23500.0000,2026-04-09 19:30:00,FALSE,FALSE,,,2026-04-09 19:30:00
12,1,2,고기집,,음식·숙박,87000.0000,2026-04-12 18:00:00,FALSE,FALSE,,,2026-04-12 18:00:00
13,1,2,아파트관리비,,주거·수도·광열,285000.0000,2026-04-15 09:00:00,FALSE,FALSE,,,2026-04-15 09:00:00
14,1,2,GS칼텍스,,교통,78400.0000,2026-04-17 14:00:00,FALSE,FALSE,,,2026-04-17 14:00:00
15,1,2,삼성서울병원,,보건,45000.0000,2026-04-18 10:00:00,FALSE,FALSE,,,2026-04-18 10:00:00
16,1,2,SKT통신비,,정보통신,55000.0000,2026-04-23 00:00:00,FALSE,FALSE,,,2026-04-23 00:00:00
17,1,2,넷플릭스,,오락·문화,17000.0000,2026-04-25 00:00:00,FALSE,FALSE,,,2026-04-25 00:00:00
18,1,2,CGV,,오락·문화,24000.0000,2026-04-26 14:00:00,FALSE,FALSE,,,2026-04-26 14:00:00
19,1,2,무신사,,의류·신발,78900.0000,2026-04-28 13:00:00,FALSE,FALSE,,,2026-04-28 13:00:00
20,1,2,피부과의원,,보건,35000.0000,2026-04-21 11:00:00,FALSE,FALSE,,,2026-04-21 11:00:00
21,1,1,이마트,,식료품·비주류음료,68700.0000,2026-05-02 11:00:00,FALSE,TRUE,2026-05-02 11:00:00,300.0000,2026-05-02 11:00:00
22,1,1,마켓컬리,,식료품·비주류음료,47500.0000,2026-05-04 08:00:00,FALSE,TRUE,2026-05-04 08:00:00,500.0000,2026-05-04 08:00:00
23,1,1,GS25,,식료품·비주류음료,2300.0000,2026-05-06 14:20:00,FALSE,TRUE,2026-05-06 14:20:00,700.0000,2026-05-06 14:20:00
24,1,1,카페베네,,음식·숙박,4800.0000,2026-05-07 10:45:00,FALSE,TRUE,2026-05-07 10:45:00,200.0000,2026-05-07 10:45:00
25,1,1,약국,,보건,12300.0000,2026-05-09 15:00:00,FALSE,TRUE,2026-05-09 15:00:00,700.0000,2026-05-09 15:00:00
26,1,1,교통카드충전,,교통,30000.0000,2026-05-13 08:30:00,FALSE,TRUE,2026-05-13 08:30:00,0.0000,2026-05-13 08:30:00
27,1,1,다이소,,가정용품·가사서비스,8400.0000,2026-05-14 13:00:00,FALSE,TRUE,2026-05-14 13:00:00,600.0000,2026-05-14 13:00:00
28,1,1,스타벅스,,음식·숙박,7300.0000,2026-05-16 10:30:00,FALSE,TRUE,2026-05-16 10:30:00,700.0000,2026-05-16 10:30:00
29,1,1,CU편의점,,식료품·비주류음료,5600.0000,2026-05-19 14:20:00,FALSE,TRUE,2026-05-19 14:20:00,400.0000,2026-05-19 14:20:00
30,1,1,올리브영,,보건,18600.0000,2026-05-21 15:00:00,FALSE,TRUE,2026-05-21 15:00:00,400.0000,2026-05-21 15:00:00
31,1,2,배달의민족,,음식·숙박,31700.0000,2026-05-08 19:00:00,FALSE,FALSE,,,2026-05-08 19:00:00
32,1,2,패밀리레스토랑,,음식·숙박,96500.0000,2026-05-10 12:30:00,FALSE,FALSE,,,2026-05-10 12:30:00
33,1,2,아파트관리비,,주거·수도·광열,285000.0000,2026-05-15 09:00:00,FALSE,FALSE,,,2026-05-15 09:00:00
34,1,2,GS칼텍스,,교통,82600.0000,2026-05-17 13:00:00,FALSE,FALSE,,,2026-05-17 13:00:00
35,1,2,내과의원,,보건,28000.0000,2026-05-20 10:30:00,FALSE,FALSE,,,2026-05-20 10:30:00
36,1,2,SKT통신비,,정보통신,55000.0000,2026-05-23 00:00:00,FALSE,FALSE,,,2026-05-23 00:00:00
37,1,2,유튜브프리미엄,,오락·문화,14900.0000,2026-05-25 00:00:00,FALSE,FALSE,,,2026-05-25 00:00:00
38,1,2,무신사,,의류·신발,67900.0000,2026-05-26 13:00:00,FALSE,FALSE,,,2026-05-26 13:00:00
39,1,2,학원비,,교육,120000.0000,2026-05-27 09:00:00,FALSE,FALSE,,,2026-05-27 09:00:00
40,1,2,쿠팡,,가정용품·가사서비스,34800.0000,2026-05-29 10:00:00,FALSE,FALSE,,,2026-05-29 10:00:00
41,1,1,이마트,,식료품·비주류음료,81300.0000,2026-06-02 11:10:00,FALSE,TRUE,2026-06-02 11:10:00,700.0000,2026-06-02 11:10:00
42,1,1,GS25,,식료품·비주류음료,3100.0000,2026-06-04 15:20:00,FALSE,TRUE,2026-06-04 15:20:00,900.0000,2026-06-04 15:20:00
43,1,1,카페베네,,음식·숙박,4500.0000,2026-06-06 10:20:00,FALSE,TRUE,2026-06-06 10:20:00,500.0000,2026-06-06 10:20:00
44,1,1,약국,,보건,9800.0000,2026-06-09 15:30:00,FALSE,TRUE,2026-06-09 15:30:00,200.0000,2026-06-09 15:30:00
45,1,1,교통카드충전,,교통,30000.0000,2026-06-10 08:30:00,FALSE,TRUE,2026-06-10 08:30:00,0.0000,2026-06-10 08:30:00
46,1,1,다이소,,가정용품·가사서비스,12400.0000,2026-06-13 13:00:00,FALSE,TRUE,2026-06-13 13:00:00,600.0000,2026-06-13 13:00:00
47,1,1,쿠팡,,식료품·비주류음료,47600.0000,2026-06-15 09:00:00,FALSE,TRUE,2026-06-15 09:00:00,400.0000,2026-06-15 09:00:00
48,1,2,배달의민족,,음식·숙박,22300.0000,2026-06-05 19:40:00,FALSE,FALSE,,,2026-06-05 19:40:00
49,1,2,아파트관리비,,주거·수도·광열,285000.0000,2026-06-11 09:00:00,FALSE,FALSE,,,2026-06-11 09:00:00
50,1,2,GS칼텍스,,교통,76800.0000,2026-06-12 14:00:00,FALSE,FALSE,,,2026-06-12 14:00:00
51,1,2,소아과의원,,보건,32000.0000,2026-06-14 14:20:00,FALSE,FALSE,,,2026-06-14 14:20:00
52,1,2,SKT통신비,,정보통신,55000.0000,2026-06-17 00:00:00,FALSE,FALSE,,,2026-06-17 00:00:00
53,1,2,한식당,,음식·숙박,73500.0000,2026-06-18 12:30:00,FALSE,FALSE,,,2026-06-18 12:30:00
54,3,5,한식당,,음식·숙박,49000.0000,2026-03-03 10:32:00,FALSE,FALSE,,,2026-03-03 10:32:00
55,3,4,이마트에브리데이,,식료품·비주류음료,14000.0000,2026-03-03 14:05:00,FALSE,FALSE,,,2026-03-03 14:05:00
56,3,5,맥도날드,,음식·숙박,10000.0000,2026-03-03 17:21:00,FALSE,FALSE,,,2026-03-03 17:21:00
57,3,5,키즈카페,,오락·문화,51400.0000,2026-03-04 22:29:00,FALSE,FALSE,,,2026-03-04 22:29:00
58,3,5,카카오버스,,교통,55000.0000,2026-03-05 20:55:00,FALSE,FALSE,,,2026-03-05 20:55:00
59,3,4,BBQ치킨,,음식·숙박,51600.0000,2026-03-05 22:26:00,FALSE,FALSE,,,2026-03-05 22:26:00
60,3,5,H&M,,의류·신발,85200.0000,2026-03-06 07:13:00,FALSE,FALSE,,,2026-03-06 07:13:00
61,3,5,아파트관리비,,주거·수도·광열,74300.0000,2026-03-06 10:31:00,FALSE,FALSE,,,2026-03-06 10:31:00
62,3,5,카카오택시,,교통,117500.0000,2026-03-06 11:14:00,FALSE,FALSE,,,2026-03-06 11:14:00
63,3,5,SKT통신비,,정보통신,89300.0000,2026-03-07 09:13:00,FALSE,FALSE,,,2026-03-07 09:13:00
64,3,5,한국전력,,주거·수도·광열,137700.0000,2026-03-07 16:08:00,FALSE,FALSE,,,2026-03-07 16:08:00
65,3,5,수학학원,,교육,49400.0000,2026-03-07 18:28:00,FALSE,FALSE,,,2026-03-07 18:28:00
66,3,5,다이소,,가정용품·가사서비스,42000.0000,2026-03-07 22:22:00,FALSE,FALSE,,,2026-03-07 22:22:00
67,3,5,CU,,식료품·비주류음료,72700.0000,2026-03-08 08:35:00,FALSE,FALSE,,,2026-03-08 08:35:00
68,3,5,CGV,,오락·문화,2800.0000,2026-03-09 18:38:00,FALSE,FALSE,,,2026-03-09 18:38:00
69,3,5,내과의원,,보건,54800.0000,2026-03-10 07:09:00,FALSE,FALSE,,,2026-03-10 07:09:00
70,3,5,오늘의집,,가정용품·가사서비스,7500.0000,2026-03-12 12:22:00,FALSE,FALSE,,,2026-03-12 12:22:00
71,3,5,SKT통신비,,정보통신,67000.0000,2026-03-13 10:30:00,FALSE,FALSE,,,2026-03-13 10:30:00
72,3,5,서울시수도,,주거·수도·광열,236100.0000,2026-03-13 19:58:00,FALSE,FALSE,,,2026-03-13 19:58:00
73,3,5,GS25,,식료품·비주류음료,91600.0000,2026-03-14 08:52:00,FALSE,FALSE,,,2026-03-14 08:52:00
74,3,4,CU,,식료품·비주류음료,119800.0000,2026-03-14 11:34:00,FALSE,FALSE,,,2026-03-14 11:34:00
75,3,4,서울교통공사,,교통,16100.0000,2026-03-14 18:43:00,FALSE,FALSE,,,2026-03-14 18:43:00
76,3,5,쿠팡이츠,,음식·숙박,52200.0000,2026-03-16 09:03:00,FALSE,FALSE,,,2026-03-16 09:03:00
77,3,5,맥도날드,,음식·숙박,7400.0000,2026-03-16 17:46:00,FALSE,FALSE,,,2026-03-16 17:46:00
78,3,5,쿠팡이츠,,음식·숙박,16900.0000,2026-03-16 21:04:00,FALSE,FALSE,,,2026-03-16 21:04:00
79,3,5,CGV,,오락·문화,26500.0000,2026-03-18 10:23:00,FALSE,FALSE,,,2026-03-18 10:23:00
80,3,5,쿠팡,,가정용품·가사서비스,23900.0000,2026-03-18 17:40:00,FALSE,FALSE,,,2026-03-18 17:40:00
81,3,5,올리브영,,보건,89700.0000,2026-03-20 17:08:00,FALSE,FALSE,,,2026-03-20 17:08:00
82,3,5,이마트,,식료품·비주류음료,57300.0000,2026-03-21 08:36:00,FALSE,FALSE,,,2026-03-21 08:36:00
83,3,5,오늘의집,,가정용품·가사서비스,15100.0000,2026-03-21 09:44:00,FALSE,FALSE,,,2026-03-21 09:44:00
84,3,5,BBQ치킨,,음식·숙박,117200.0000,2026-03-21 21:18:00,FALSE,FALSE,,,2026-03-21 21:18:00
85,3,5,맥도날드,,음식·숙박,80600.0000,2026-03-22 20:49:00,FALSE,FALSE,,,2026-03-22 20:49:00
86,3,5,뚜레쥬르,,음식·숙박,34700.0000,2026-03-23 14:05:00,FALSE,FALSE,,,2026-03-23 14:05:00
87,3,5,무신사,,의류·신발,28500.0000,2026-03-24 17:47:00,FALSE,FALSE,,,2026-03-24 17:47:00
88,3,5,쿠팡,,가정용품·가사서비스,1000.0000,2026-03-26 14:52:00,FALSE,FALSE,,,2026-03-26 14:52:00
89,3,5,롯데월드,,오락·문화,38900.0000,2026-03-28 13:39:00,FALSE,FALSE,,,2026-03-28 13:39:00
90,3,4,롯데마트,,식료품·비주류음료,80000.0000,2026-03-30 13:02:00,FALSE,FALSE,,,2026-03-30 13:02:00
91,3,5,맘스터치,,음식·숙박,1000.0000,2026-03-30 21:23:00,FALSE,FALSE,,,2026-03-30 21:23:00
92,3,5,GS약국,,보건,53000.0000,2026-03-31 08:29:00,FALSE,FALSE,,,2026-03-31 08:29:00
93,3,4,카카오택시,,교통,17900.0000,2026-03-31 14:09:00,FALSE,FALSE,,,2026-03-31 14:09:00
94,3,5,태권도장,,교육,53400.0000,2026-03-31 18:05:00,FALSE,FALSE,,,2026-03-31 18:05:00
95,3,5,수학학원,,교육,107000.0000,2026-04-01 09:40:00,FALSE,FALSE,,,2026-04-01 09:40:00
96,3,4,스타벅스,,음식·숙박,54500.0000,2026-04-01 21:49:00,FALSE,FALSE,,,2026-04-01 21:49:00
97,3,5,H&M,,의류·신발,80800.0000,2026-04-02 07:01:00,FALSE,FALSE,,,2026-04-02 07:01:00
98,3,5,무신사,,의류·신발,26800.0000,2026-04-02 12:12:00,FALSE,FALSE,,,2026-04-02 12:12:00
99,3,5,이디야커피,,음식·숙박,69700.0000,2026-04-02 14:12:00,FALSE,FALSE,,,2026-04-02 14:12:00
100,3,4,아쿠아리움,,오락·문화,52100.0000,2026-04-03 10:29:00,FALSE,FALSE,,,2026-04-03 10:29:00
101,3,5,롯데시네마,,오락·문화,2800.0000,2026-04-03 15:05:00,FALSE,FALSE,,,2026-04-03 15:05:00
102,3,5,카카오버스,,교통,52800.0000,2026-04-04 19:28:00,FALSE,FALSE,,,2026-04-04 19:28:00
103,3,4,마켓컬리,,식료품·비주류음료,19000.0000,2026-04-05 21:51:00,FALSE,FALSE,,,2026-04-05 21:51:00
104,3,5,이마트의류,,의류·신발,6400.0000,2026-04-06 15:22:00,FALSE,FALSE,,,2026-04-06 15:22:00
105,3,4,티머니교통,,교통,18400.0000,2026-04-08 20:04:00,FALSE,FALSE,,,2026-04-08 20:04:00
106,3,5,무신사,,의류·신발,4300.0000,2026-04-10 13:18:00,FALSE,FALSE,,,2026-04-10 13:18:00
107,3,5,11번가,,가정용품·가사서비스,4400.0000,2026-04-11 13:53:00,FALSE,FALSE,,,2026-04-11 13:53:00
108,3,5,약국,,보건,39300.0000,2026-04-11 16:32:00,FALSE,FALSE,,,2026-04-11 16:32:00
109,3,5,치과,,보건,44000.0000,2026-04-11 21:28:00,FALSE,FALSE,,,2026-04-11 21:28:00
110,3,5,뚜레쥬르,,음식·숙박,17000.0000,2026-04-12 21:42:00,FALSE,FALSE,,,2026-04-12 21:42:00
111,3,4,카카오버스,,교통,9900.0000,2026-04-13 22:10:00,FALSE,FALSE,,,2026-04-13 22:10:00
112,3,5,롯데월드,,오락·문화,23700.0000,2026-04-14 09:17:00,FALSE,FALSE,,,2026-04-14 09:17:00
113,3,4,뚜레쥬르,,음식·숙박,108200.0000,2026-04-14 11:34:00,FALSE,FALSE,,,2026-04-14 11:34:00
114,3,4,아쿠아리움,,오락·문화,45800.0000,2026-04-14 15:39:00,FALSE,FALSE,,,2026-04-14 15:39:00
115,3,5,GS칼텍스,,교통,40700.0000,2026-04-14 19:21:00,FALSE,FALSE,,,2026-04-14 19:21:00
116,3,4,카카오택시,,교통,5500.0000,2026-04-15 14:47:00,FALSE,FALSE,,,2026-04-15 14:47:00
117,3,4,홈플러스,,식료품·비주류음료,9200.0000,2026-04-15 19:47:00,FALSE,FALSE,,,2026-04-15 19:47:00
118,3,5,한국전력,,주거·수도·광열,148200.0000,2026-04-15 22:32:00,FALSE,FALSE,,,2026-04-15 22:32:00
119,3,5,쿠팡이츠,,음식·숙박,24900.0000,2026-04-17 14:48:00,FALSE,FALSE,,,2026-04-17 14:48:00
120,3,5,쿠팡,,가정용품·가사서비스,13100.0000,2026-04-17 16:44:00,FALSE,FALSE,,,2026-04-17 16:44:00
121,3,5,뚜레쥬르,,음식·숙박,57300.0000,2026-04-17 22:50:00,FALSE,FALSE,,,2026-04-17 22:50:00
122,3,4,교촌치킨,,음식·숙박,11200.0000,2026-04-18 20:53:00,FALSE,FALSE,,,2026-04-18 20:53:00
123,3,5,도시가스,,주거·수도·광열,64700.0000,2026-04-20 13:44:00,FALSE,FALSE,,,2026-04-20 13:44:00
124,3,5,마켓컬리,,식료품·비주류음료,99500.0000,2026-04-20 22:42:00,FALSE,FALSE,,,2026-04-20 22:42:00
125,3,5,다이소,,가정용품·가사서비스,45600.0000,2026-04-21 11:25:00,FALSE,FALSE,,,2026-04-21 11:25:00
126,3,4,티머니교통,,교통,45100.0000,2026-04-22 16:50:00,FALSE,FALSE,,,2026-04-22 16:50:00
127,3,5,홈플러스가전,,가정용품·가사서비스,30000.0000,2026-04-22 20:42:00,FALSE,FALSE,,,2026-04-22 20:42:00
128,3,5,티머니교통,,교통,42200.0000,2026-04-23 18:09:00,FALSE,FALSE,,,2026-04-23 18:09:00
129,3,4,BBQ치킨,,음식·숙박,15300.0000,2026-04-24 10:35:00,FALSE,FALSE,,,2026-04-24 10:35:00
130,3,5,이마트,,식료품·비주류음료,59400.0000,2026-04-24 12:10:00,FALSE,FALSE,,,2026-04-24 12:10:00
131,3,4,맥도날드,,음식·숙박,7100.0000,2026-04-25 11:11:00,FALSE,FALSE,,,2026-04-25 11:11:00
132,3,5,KT통신비,,정보통신,28900.0000,2026-04-25 12:17:00,FALSE,FALSE,,,2026-04-25 12:17:00
133,3,5,롯데마트,,식료품·비주류음료,132700.0000,2026-04-26 09:53:00,FALSE,FALSE,,,2026-04-26 09:53:00
134,3,5,롯데마트,,식료품·비주류음료,87200.0000,2026-04-26 13:30:00,FALSE,FALSE,,,2026-04-26 13:30:00
135,3,5,롯데마트,,식료품·비주류음료,45800.0000,2026-04-26 17:05:00,FALSE,FALSE,,,2026-04-26 17:05:00
136,3,4,카카오버스,,교통,1000.0000,2026-04-27 14:10:00,FALSE,FALSE,,,2026-04-27 14:10:00
137,3,5,쿠팡이츠,,음식·숙박,72100.0000,2026-04-28 13:01:00,FALSE,FALSE,,,2026-04-28 13:01:00
138,3,4,KT통신비,,정보통신,133700.0000,2026-04-28 15:25:00,FALSE,FALSE,,,2026-04-28 15:25:00
139,3,5,도시가스,,주거·수도·광열,253100.0000,2026-04-30 09:28:00,FALSE,FALSE,,,2026-04-30 09:28:00
140,3,4,내과의원,,보건,121900.0000,2026-04-30 14:56:00,FALSE,FALSE,,,2026-04-30 14:56:00
141,3,4,올리브영,,보건,42800.0000,2026-05-01 16:29:00,FALSE,FALSE,,,2026-05-01 16:29:00
142,3,5,아동복매장,,의류·신발,86400.0000,2026-05-01 17:48:00,FALSE,FALSE,,,2026-05-01 17:48:00
143,3,5,아파트관리비,,주거·수도·광열,189300.0000,2026-05-01 21:51:00,FALSE,FALSE,,,2026-05-01 21:51:00
144,3,5,BBQ치킨,,음식·숙박,66400.0000,2026-05-02 19:01:00,FALSE,FALSE,,,2026-05-02 19:01:00
145,3,5,뚜레쥬르,,음식·숙박,41000.0000,2026-05-02 20:46:00,FALSE,FALSE,,,2026-05-02 20:46:00
146,3,5,이케아,,가정용품·가사서비스,18000.0000,2026-05-03 18:59:00,FALSE,FALSE,,,2026-05-03 18:59:00
147,3,4,무신사,,의류·신발,30700.0000,2026-05-04 13:45:00,FALSE,FALSE,,,2026-05-04 13:45:00
148,3,5,교촌치킨,,음식·숙박,31300.0000,2026-05-05 07:52:00,FALSE,FALSE,,,2026-05-05 07:52:00
149,3,5,맘스터치,,음식·숙박,19100.0000,2026-05-05 16:46:00,FALSE,FALSE,,,2026-05-05 16:46:00
150,3,4,서울교통공사,,교통,5500.0000,2026-05-05 22:03:00,FALSE,FALSE,,,2026-05-05 22:03:00
151,3,5,세븐일레븐,,식료품·비주류음료,107800.0000,2026-05-06 07:21:00,FALSE,FALSE,,,2026-05-06 07:21:00
152,3,5,CU,,식료품·비주류음료,183800.0000,2026-05-06 12:17:00,FALSE,FALSE,,,2026-05-06 12:17:00
153,3,5,맘스터치,,음식·숙박,25700.0000,2026-05-08 09:37:00,FALSE,FALSE,,,2026-05-08 09:37:00
154,3,5,서울교통공사,,교통,45600.0000,2026-05-08 13:14:00,FALSE,FALSE,,,2026-05-08 13:14:00
155,3,4,티머니교통,,교통,7700.0000,2026-05-09 10:44:00,FALSE,FALSE,,,2026-05-09 10:44:00
156,3,4,하이패스,,교통,9400.0000,2026-05-09 16:39:00,FALSE,FALSE,,,2026-05-09 16:39:00
157,3,4,카카오버스,,교통,7800.0000,2026-05-10 08:39:00,FALSE,FALSE,,,2026-05-10 08:39:00
158,3,5,홈플러스가전,,가정용품·가사서비스,8800.0000,2026-05-10 11:15:00,FALSE,FALSE,,,2026-05-10 11:15:00
159,3,5,세븐일레븐,,식료품·비주류음료,93700.0000,2026-05-10 14:44:00,FALSE,FALSE,,,2026-05-10 14:44:00
160,3,5,이마트,,식료품·비주류음료,53600.0000,2026-05-12 17:35:00,FALSE,FALSE,,,2026-05-12 17:35:00
161,3,5,카카오버스,,교통,56800.0000,2026-05-16 19:04:00,FALSE,FALSE,,,2026-05-16 19:04:00
162,3,5,홈플러스가전,,가정용품·가사서비스,30900.0000,2026-05-17 17:12:00,FALSE,FALSE,,,2026-05-17 17:12:00
163,3,5,유튜브프리미엄,,정보통신,160900.0000,2026-05-19 09:09:00,FALSE,FALSE,,,2026-05-19 09:09:00
164,3,5,GS칼텍스,,교통,32700.0000,2026-05-21 13:04:00,FALSE,FALSE,,,2026-05-21 13:04:00
165,3,5,도시가스,,주거·수도·광열,271800.0000,2026-05-21 14:31:00,FALSE,FALSE,,,2026-05-21 14:31:00
166,3,5,파리바게뜨,,음식·숙박,214900.0000,2026-05-21 18:06:00,FALSE,FALSE,,,2026-05-21 18:06:00
167,3,4,맘스터치,,음식·숙박,1000.0000,2026-05-22 14:05:00,FALSE,FALSE,,,2026-05-22 14:05:00
168,3,5,파리바게뜨,,음식·숙박,33700.0000,2026-05-22 19:48:00,FALSE,FALSE,,,2026-05-22 19:48:00
169,3,5,GS칼텍스,,교통,47100.0000,2026-05-22 22:18:00,FALSE,FALSE,,,2026-05-22 22:18:00
170,3,5,영어학원,,교육,105900.0000,2026-05-24 09:03:00,FALSE,FALSE,,,2026-05-24 09:03:00
171,3,5,키즈카페,,오락·문화,34000.0000,2026-05-24 11:26:00,FALSE,FALSE,,,2026-05-24 11:26:00
172,3,4,11번가,,가정용품·가사서비스,12100.0000,2026-05-28 08:17:00,FALSE,FALSE,,,2026-05-28 08:17:00
173,3,5,홈플러스가전,,가정용품·가사서비스,22200.0000,2026-05-29 07:51:00,FALSE,FALSE,,,2026-05-29 07:51:00
174,3,5,교보문고,,오락·문화,29900.0000,2026-05-29 10:45:00,FALSE,FALSE,,,2026-05-29 10:45:00
175,3,5,치과,,보건,96700.0000,2026-05-29 13:19:00,FALSE,FALSE,,,2026-05-29 13:19:00
176,3,4,CGV,,오락·문화,32400.0000,2026-05-29 22:25:00,FALSE,FALSE,,,2026-05-29 22:25:00
177,3,4,코스트코,,식료품·비주류음료,9200.0000,2026-05-31 16:13:00,FALSE,FALSE,,,2026-05-31 16:13:00
178,3,5,소아과의원,,보건,63600.0000,2026-05-31 21:17:00,FALSE,FALSE,,,2026-05-31 21:17:00
179,3,5,키즈카페,,오락·문화,26800.0000,2026-05-31 22:43:00,FALSE,FALSE,,,2026-05-31 22:43:00
180,3,5,SKT통신비,,정보통신,161800.0000,2026-06-01 20:45:00,FALSE,FALSE,,,2026-06-01 20:45:00
181,3,5,쿠팡,,가정용품·가사서비스,32500.0000,2026-06-02 13:01:00,FALSE,FALSE,,,2026-06-02 13:01:00
182,3,5,서울시수도,,주거·수도·광열,92200.0000,2026-06-05 10:52:00,FALSE,FALSE,,,2026-06-05 10:52:00
183,3,5,세븐일레븐,,식료품·비주류음료,113000.0000,2026-06-06 12:04:00,FALSE,FALSE,,,2026-06-06 12:04:00
184,3,5,스타벅스,,음식·숙박,45100.0000,2026-06-07 19:17:00,FALSE,FALSE,,,2026-06-07 19:17:00
185,3,5,티머니교통,,교통,38000.0000,2026-06-08 08:41:00,FALSE,FALSE,,,2026-06-08 08:41:00
186,3,5,이마트의류,,의류·신발,40900.0000,2026-06-10 13:14:00,FALSE,FALSE,,,2026-06-10 13:14:00
187,3,5,GS약국,,보건,32100.0000,2026-06-10 21:17:00,FALSE,FALSE,,,2026-06-10 21:17:00
188,3,5,홈플러스,,식료품·비주류음료,50100.0000,2026-06-10 22:35:00,FALSE,FALSE,,,2026-06-10 22:35:00
189,3,5,무신사,,의류·신발,47500.0000,2026-06-13 13:00:00,FALSE,FALSE,,,2026-06-13 13:00:00
190,3,5,쿠팡이츠,,음식·숙박,69300.0000,2026-06-13 19:41:00,FALSE,FALSE,,,2026-06-13 19:41:00
191,3,4,홈플러스가전,,가정용품·가사서비스,1000.0000,2026-06-14 08:45:00,FALSE,FALSE,,,2026-06-14 08:45:00
192,3,4,홈플러스,,식료품·비주류음료,90700.0000,2026-06-14 11:35:00,FALSE,FALSE,,,2026-06-14 11:35:00
193,3,5,롯데월드,,오락·문화,88400.0000,2026-06-14 18:14:00,FALSE,FALSE,,,2026-06-14 18:14:00
194,3,4,수학학원,,교육,88100.0000,2026-06-15 12:06:00,FALSE,FALSE,,,2026-06-15 12:06:00
195,3,4,다이소,,가정용품·가사서비스,17700.0000,2026-06-15 17:46:00,FALSE,FALSE,,,2026-06-15 17:46:00
196,3,4,홈플러스가전,,가정용품·가사서비스,20900.0000,2026-06-16 08:38:00,FALSE,FALSE,,,2026-06-16 08:38:00
197,3,5,맘스터치,,음식·숙박,5900.0000,2026-06-16 15:36:00,FALSE,FALSE,,,2026-06-16 15:36:00
198,3,5,CU,,식료품·비주류음료,83000.0000,2026-06-16 20:21:00,FALSE,FALSE,,,2026-06-16 20:21:00
199,3,5,한국전력,,주거·수도·광열,370700.0000,2026-06-17 21:28:00,FALSE,FALSE,,,2026-06-17 21:28:00
200,3,5,세븐일레븐,,식료품·비주류음료,89000.0000,2026-06-18 14:28:00,FALSE,FALSE,,,2026-06-18 14:28:00
201,3,5,하이패스,,교통,64600.0000,2026-06-19 13:24:00,FALSE,FALSE,,,2026-06-19 13:24:00
202,3,5,카카오버스,,교통,76600.0000,2026-06-21 15:33:00,FALSE,FALSE,,,2026-06-21 15:33:00
203,3,5,배달의민족,,음식·숙박,25500.0000,2026-06-22 13:05:00,FALSE,FALSE,,,2026-06-22 13:05:00
204,3,5,수학학원,,교육,18300.0000,2026-06-22 19:53:00,FALSE,FALSE,,,2026-06-22 19:53:00
205,3,4,GS25,,식료품·비주류음료,24700.0000,2026-06-24 15:25:00,FALSE,FALSE,,,2026-06-24 15:25:00
206,3,5,뚜레쥬르,,음식·숙박,93000.0000,2026-06-24 20:24:00,FALSE,FALSE,,,2026-06-24 20:24:00
207,3,4,하이패스,,교통,34500.0000,2026-06-25 10:06:00,FALSE,FALSE,,,2026-06-25 10:06:00
208,3,5,이디야커피,,음식·숙박,99600.0000,2026-06-25 22:37:00,FALSE,FALSE,,,2026-06-25 22:37:00
209,3,5,한국전력,,주거·수도·광열,1000.0000,2026-06-26 10:14:00,FALSE,FALSE,,,2026-06-26 10:14:00
210,3,5,올리브영,,보건,172100.0000,2026-06-27 14:30:00,FALSE,FALSE,,,2026-06-27 14:30:00
211,3,4,교촌치킨,,음식·숙박,96700.0000,2026-06-28 07:08:00,FALSE,FALSE,,,2026-06-28 07:08:00
212,3,5,ZARA,,의류·신발,29300.0000,2026-06-28 09:13:00,FALSE,FALSE,,,2026-06-28 09:13:00
213,3,5,롯데월드,,오락·문화,35400.0000,2026-06-29 20:05:00,FALSE,FALSE,,,2026-06-29 20:05:00
214,3,4,11번가,,가정용품·가사서비스,20600.0000,2026-06-30 12:21:00,FALSE,FALSE,,,2026-06-30 12:21:00
215,3,5,치과,,보건,59500.0000,2026-07-01 14:06:00,FALSE,FALSE,,,2026-07-01 14:06:00
216,3,5,롯데시네마,,오락·문화,36000.0000,2026-07-01 16:52:00,FALSE,FALSE,,,2026-07-01 16:52:00
217,3,5,스타벅스,,음식·숙박,23300.0000,2026-07-01 19:02:00,FALSE,FALSE,,,2026-07-01 19:02:00
218,3,5,수학학원,,교육,31000.0000,2026-07-02 08:30:00,FALSE,FALSE,,,2026-07-02 08:30:00
219,3,5,CU,,식료품·비주류음료,31000.0000,2026-07-04 19:22:00,FALSE,FALSE,,,2026-07-04 19:22:00
220,3,4,맥도날드,,음식·숙박,42300.0000,2026-07-05 13:47:00,FALSE,FALSE,,,2026-07-05 13:47:00
221,3,5,카카오택시,,교통,62200.0000,2026-07-05 17:59:00,FALSE,FALSE,,,2026-07-05 17:59:00
222,3,5,KT통신비,,정보통신,47100.0000,2026-07-05 20:52:00,FALSE,FALSE,,,2026-07-05 20:52:00
223,3,5,KT인터넷,,주거·수도·광열,135000.0000,2026-07-06 15:21:00,FALSE,FALSE,,,2026-07-06 15:21:00
224,3,5,H&M,,의류·신발,34300.0000,2026-07-06 17:29:00,FALSE,FALSE,,,2026-07-06 17:29:00
225,3,4,코스트코,,식료품·비주류음료,23800.0000,2026-07-06 21:12:00,FALSE,FALSE,,,2026-07-06 21:12:00
226,3,5,GS25,,식료품·비주류음료,76400.0000,2026-07-07 09:03:00,FALSE,FALSE,,,2026-07-07 09:03:00
227,3,5,분식집,,음식·숙박,61100.0000,2026-07-07 14:51:00,FALSE,FALSE,,,2026-07-07 14:51:00
228,3,5,쿠팡,,가정용품·가사서비스,26900.0000,2026-07-09 13:25:00,FALSE,FALSE,,,2026-07-09 13:25:00
229,4,7,다이소,,가정용품·가사서비스,19403.0000,2026-03-01 09:48:00,FALSE,FALSE,,,2026-03-01 09:48:00
230,4,8,올리브영,,보건,27048.0000,2026-03-01 12:09:00,FALSE,FALSE,,,2026-03-01 12:09:00
231,4,8,수학학원,,교육,15013.0000,2026-03-01 20:31:00,FALSE,FALSE,,,2026-03-01 20:31:00
232,4,8,약국,,보건,25096.0000,2026-03-02 14:08:00,FALSE,FALSE,,,2026-03-02 14:08:00
233,4,8,CU,,식료품·비주류음료,33699.0000,2026-03-04 14:28:00,FALSE,FALSE,,,2026-03-04 14:28:00
234,4,8,롯데월드,,오락·문화,17359.0000,2026-03-04 19:21:00,FALSE,FALSE,,,2026-03-04 19:21:00
235,4,7,생활용품점,,기타상품·서비스,23991.0000,2026-03-04 19:47:00,FALSE,FALSE,,,2026-03-04 19:47:00
236,4,7,수제맥주펍,,주류·담배,11365.0000,2026-03-04 21:30:00,FALSE,FALSE,,,2026-03-04 21:30:00
237,4,8,분식집,,음식·숙박,29720.0000,2026-03-05 20:33:00,FALSE,FALSE,,,2026-03-05 20:33:00
238,4,8,피아노학원,,교육,43712.0000,2026-03-07 11:58:00,FALSE,FALSE,,,2026-03-07 11:58:00
239,4,8,KT통신비,,정보통신,33059.0000,2026-03-07 18:00:00,FALSE,FALSE,,,2026-03-07 18:00:00
240,4,7,키즈카페,,오락·문화,29830.0000,2026-03-07 19:34:00,FALSE,FALSE,,,2026-03-07 19:34:00
241,4,7,수제맥주펍,,주류·담배,21111.0000,2026-03-09 13:57:00,FALSE,FALSE,,,2026-03-09 13:57:00
242,4,7,마켓컬리,,식료품·비주류음료,63525.0000,2026-03-09 16:02:00,FALSE,FALSE,,,2026-03-09 16:02:00
243,4,8,소아과의원,,보건,1000.0000,2026-03-09 21:01:00,FALSE,FALSE,,,2026-03-09 21:01:00
244,4,7,농협하나로마트,,식료품·비주류음료,52036.0000,2026-03-10 08:46:00,FALSE,FALSE,,,2026-03-10 08:46:00
245,4,8,다이소,,가정용품·가사서비스,24224.0000,2026-03-10 11:10:00,FALSE,FALSE,,,2026-03-10 11:10:00
246,4,8,아파트관리비,,주거·수도·광열,127946.0000,2026-03-10 11:33:00,FALSE,FALSE,,,2026-03-10 11:33:00
247,4,8,김밥천국,,음식·숙박,65100.0000,2026-03-10 17:27:00,FALSE,FALSE,,,2026-03-10 17:27:00
248,4,8,카카오택시,,교통,36147.0000,2026-03-12 13:32:00,FALSE,FALSE,,,2026-03-12 13:32:00
249,4,7,네일샵,,기타상품·서비스,54805.0000,2026-03-13 14:35:00,FALSE,FALSE,,,2026-03-13 14:35:00
250,4,8,맥도날드,,음식·숙박,27182.0000,2026-03-14 21:08:00,FALSE,FALSE,,,2026-03-14 21:08:00
251,4,7,넷플릭스,,오락·문화,1000.0000,2026-03-14 21:10:00,FALSE,FALSE,,,2026-03-14 21:10:00
252,4,8,서울시수도,,주거·수도·광열,97668.0000,2026-03-15 08:30:00,FALSE,FALSE,,,2026-03-15 08:30:00
253,4,7,스타벅스,,음식·숙박,63543.0000,2026-03-15 08:45:00,FALSE,FALSE,,,2026-03-15 08:45:00
254,4,8,ZARA,,의류·신발,34967.0000,2026-03-15 15:55:00,FALSE,FALSE,,,2026-03-15 15:55:00
255,4,8,분식집,,음식·숙박,33850.0000,2026-03-15 16:07:00,FALSE,FALSE,,,2026-03-15 16:07:00
256,4,8,키즈카페,,오락·문화,8026.0000,2026-03-16 10:32:00,FALSE,FALSE,,,2026-03-16 10:32:00
257,4,8,올리브영,,보건,1000.0000,2026-03-16 10:37:00,FALSE,FALSE,,,2026-03-16 10:37:00
258,4,8,GS칼텍스,,교통,53992.0000,2026-03-16 14:46:00,FALSE,FALSE,,,2026-03-16 14:46:00
259,4,8,소아과의원,,보건,1000.0000,2026-03-16 17:05:00,FALSE,FALSE,,,2026-03-16 17:05:00
260,4,8,약국,,보건,19948.0000,2026-03-16 18:45:00,FALSE,FALSE,,,2026-03-16 18:45:00
261,4,7,쿠팡,,가정용품·가사서비스,1000.0000,2026-03-17 08:28:00,FALSE,FALSE,,,2026-03-17 08:28:00
262,4,8,아파트관리비,,주거·수도·광열,135766.0000,2026-03-17 13:37:00,FALSE,FALSE,,,2026-03-17 13:37:00
263,4,8,티머니교통,,교통,12811.0000,2026-03-17 17:02:00,FALSE,FALSE,,,2026-03-17 17:02:00
264,4,7,네일샵,,기타상품·서비스,54973.0000,2026-03-17 21:35:00,FALSE,FALSE,,,2026-03-17 21:35:00
265,4,8,파리바게뜨,,음식·숙박,58246.0000,2026-03-18 09:16:00,FALSE,FALSE,,,2026-03-18 09:16:00
266,4,8,다이소,,가정용품·가사서비스,26412.0000,2026-03-18 14:54:00,FALSE,FALSE,,,2026-03-18 14:54:00
267,4,8,네일샵,,기타상품·서비스,22456.0000,2026-03-18 17:19:00,FALSE,FALSE,,,2026-03-18 17:19:00
268,4,8,GS약국,,보건,11197.0000,2026-03-18 22:36:00,FALSE,FALSE,,,2026-03-18 22:36:00
269,4,7,하이패스,,교통,15263.0000,2026-03-19 22:23:00,FALSE,FALSE,,,2026-03-19 22:23:00
270,4,8,약국,,보건,33413.0000,2026-03-20 13:48:00,FALSE,FALSE,,,2026-03-20 13:48:00
271,4,7,오늘의집,,가정용품·가사서비스,11093.0000,2026-03-20 14:30:00,FALSE,FALSE,,,2026-03-20 14:30:00
272,4,8,카카오택시,,교통,12687.0000,2026-03-21 11:21:00,FALSE,FALSE,,,2026-03-21 11:21:00
273,4,7,ABC마트,,의류·신발,1000.0000,2026-03-21 12:20:00,FALSE,FALSE,,,2026-03-21 12:20:00
274,4,8,롯데시네마,,오락·문화,15644.0000,2026-03-21 16:34:00,FALSE,FALSE,,,2026-03-21 16:34:00
275,4,7,ABC마트,,의류·신발,40204.0000,2026-03-21 17:04:00,FALSE,FALSE,,,2026-03-21 17:04:00
276,4,8,서울교통공사,,교통,37777.0000,2026-03-22 15:27:00,FALSE,FALSE,,,2026-03-22 15:27:00
277,4,8,BBQ치킨,,음식·숙박,1000.0000,2026-03-22 18:30:00,FALSE,FALSE,,,2026-03-22 18:30:00
278,4,8,BBQ치킨,,음식·숙박,31554.0000,2026-03-23 11:16:00,FALSE,FALSE,,,2026-03-23 11:16:00
279,4,8,SKT통신비,,정보통신,1000.0000,2026-03-23 13:22:00,FALSE,FALSE,,,2026-03-23 13:22:00
280,4,8,GS약국,,보건,17167.0000,2026-03-24 14:37:00,FALSE,FALSE,,,2026-03-24 14:37:00
281,4,7,코스트코,,식료품·비주류음료,5887.0000,2026-03-26 11:29:00,FALSE,FALSE,,,2026-03-26 11:29:00
282,4,8,쿠팡이츠,,음식·숙박,64916.0000,2026-03-27 09:06:00,FALSE,FALSE,,,2026-03-27 09:06:00
283,4,8,SKT통신비,,정보통신,39320.0000,2026-03-27 18:41:00,FALSE,FALSE,,,2026-03-27 18:41:00
284,4,7,농협하나로마트,,식료품·비주류음료,45180.0000,2026-03-28 14:07:00,FALSE,FALSE,,,2026-03-28 14:07:00
285,4,8,택배,,기타상품·서비스,48079.0000,2026-03-28 14:10:00,FALSE,FALSE,,,2026-03-28 14:10:00
286,4,8,치과,,보건,32030.0000,2026-03-28 19:58:00,FALSE,FALSE,,,2026-03-28 19:58:00
287,4,8,GS칼텍스,,교통,14584.0000,2026-03-29 08:44:00,FALSE,FALSE,,,2026-03-29 08:44:00
288,4,8,LGU+통신비,,정보통신,65132.0000,2026-03-29 11:47:00,FALSE,FALSE,,,2026-03-29 11:47:00
289,4,7,코스트코,,식료품·비주류음료,68437.0000,2026-03-29 16:37:00,FALSE,FALSE,,,2026-03-29 16:37:00
290,4,7,H&M,,의류·신발,17367.0000,2026-03-29 18:00:00,FALSE,FALSE,,,2026-03-29 18:00:00
291,4,7,롯데시네마,,오락·문화,14044.0000,2026-03-30 10:46:00,FALSE,FALSE,,,2026-03-30 10:46:00
292,4,8,롯데마트,,식료품·비주류음료,47996.0000,2026-03-30 16:46:00,FALSE,FALSE,,,2026-03-30 16:46:00
293,4,7,CGV,,오락·문화,20824.0000,2026-03-30 21:56:00,FALSE,FALSE,,,2026-03-30 21:56:00
294,4,7,코스트코,,식료품·비주류음료,65912.0000,2026-03-31 12:43:00,FALSE,FALSE,,,2026-03-31 12:43:00
295,4,7,네일샵,,기타상품·서비스,1000.0000,2026-03-31 15:36:00,FALSE,FALSE,,,2026-03-31 15:36:00
296,4,8,하이패스,,교통,13231.0000,2026-03-31 19:36:00,FALSE,FALSE,,,2026-03-31 19:36:00
297,4,7,유니클로,,의류·신발,36760.0000,2026-04-01 08:25:00,FALSE,FALSE,,,2026-04-01 08:25:00
298,4,7,택배,,기타상품·서비스,39276.0000,2026-04-01 11:42:00,FALSE,FALSE,,,2026-04-01 11:42:00
299,4,7,쿠팡,,가정용품·가사서비스,19901.0000,2026-04-01 16:36:00,FALSE,FALSE,,,2026-04-01 16:36:00
300,4,7,세븐일레븐,,식료품·비주류음료,53359.0000,2026-04-01 19:37:00,FALSE,FALSE,,,2026-04-01 19:37:00
301,4,7,이케아,,가정용품·가사서비스,1000.0000,2026-04-01 20:12:00,FALSE,FALSE,,,2026-04-01 20:12:00
302,4,7,카카오버스,,교통,93050.0000,2026-04-02 10:10:00,FALSE,FALSE,,,2026-04-02 10:10:00
303,4,8,GS약국,,보건,49869.0000,2026-04-02 12:24:00,FALSE,FALSE,,,2026-04-02 12:24:00
304,4,7,다이소,,가정용품·가사서비스,1000.0000,2026-04-02 19:14:00,FALSE,FALSE,,,2026-04-02 19:14:00
305,4,8,서울시수도,,주거·수도·광열,1000.0000,2026-04-03 12:43:00,FALSE,FALSE,,,2026-04-03 12:43:00
306,4,8,홈플러스,,식료품·비주류음료,98869.0000,2026-04-03 14:25:00,FALSE,FALSE,,,2026-04-03 14:25:00
307,4,7,다이소,,가정용품·가사서비스,19712.0000,2026-04-04 08:12:00,FALSE,FALSE,,,2026-04-04 08:12:00
308,4,8,파리바게뜨,,음식·숙박,89538.0000,2026-04-04 21:19:00,FALSE,FALSE,,,2026-04-04 21:19:00
309,4,8,택배,,기타상품·서비스,69062.0000,2026-04-04 22:07:00,FALSE,FALSE,,,2026-04-04 22:07:00
310,4,8,영어학원,,교육,26325.0000,2026-04-05 13:11:00,FALSE,FALSE,,,2026-04-05 13:11:00
311,4,7,분식집,,음식·숙박,83590.0000,2026-04-06 09:33:00,FALSE,FALSE,,,2026-04-06 09:33:00
312,4,8,치과,,보건,30135.0000,2026-04-06 11:02:00,FALSE,FALSE,,,2026-04-06 11:02:00
313,4,8,와인앤모어,,주류·담배,14182.0000,2026-04-06 14:04:00,FALSE,FALSE,,,2026-04-06 14:04:00
314,4,8,쿠팡이츠,,음식·숙박,40325.0000,2026-04-06 19:57:00,FALSE,FALSE,,,2026-04-06 19:57:00
315,4,8,키즈카페,,오락·문화,41366.0000,2026-04-07 11:26:00,FALSE,FALSE,,,2026-04-07 11:26:00
316,4,8,스타벅스,,음식·숙박,1000.0000,2026-04-08 13:04:00,FALSE,FALSE,,,2026-04-08 13:04:00
317,4,7,11번가,,가정용품·가사서비스,19681.0000,2026-04-08 15:41:00,FALSE,FALSE,,,2026-04-08 15:41:00
318,4,8,분식집,,음식·숙박,50434.0000,2026-04-08 15:47:00,FALSE,FALSE,,,2026-04-08 15:47:00
319,4,8,유튜브프리미엄,,정보통신,84478.0000,2026-04-09 09:49:00,FALSE,FALSE,,,2026-04-09 09:49:00
320,4,7,카카오버스,,교통,1000.0000,2026-04-09 22:22:00,FALSE,FALSE,,,2026-04-09 22:22:00
321,4,8,서울시수도,,주거·수도·광열,99072.0000,2026-04-11 11:35:00,FALSE,FALSE,,,2026-04-11 11:35:00
322,4,8,뚜레쥬르,,음식·숙박,83848.0000,2026-04-13 16:55:00,FALSE,FALSE,,,2026-04-13 16:55:00
323,4,8,SKT통신비,,정보통신,38672.0000,2026-04-13 22:27:00,FALSE,FALSE,,,2026-04-13 22:27:00
324,4,7,GS칼텍스,,교통,61402.0000,2026-04-14 09:47:00,FALSE,FALSE,,,2026-04-14 09:47:00
325,4,8,홈플러스,,식료품·비주류음료,151833.0000,2026-04-14 11:29:00,FALSE,FALSE,,,2026-04-14 11:29:00
326,4,8,유니클로,,의류·신발,20267.0000,2026-04-15 19:02:00,FALSE,FALSE,,,2026-04-15 19:02:00
327,4,8,GS약국,,보건,1000.0000,2026-04-15 21:03:00,FALSE,FALSE,,,2026-04-15 21:03:00
328,4,8,스타벅스,,음식·숙박,1000.0000,2026-04-16 13:44:00,FALSE,FALSE,,,2026-04-16 13:44:00
329,4,8,유튜브프리미엄,,정보통신,26001.0000,2026-04-16 13:52:00,FALSE,FALSE,,,2026-04-16 13:52:00
330,4,7,CGV,,오락·문화,14363.0000,2026-04-16 13:53:00,FALSE,FALSE,,,2026-04-16 13:53:00
331,4,8,세븐일레븐,,식료품·비주류음료,42080.0000,2026-04-16 17:26:00,FALSE,FALSE,,,2026-04-16 17:26:00
332,4,8,교촌치킨,,음식·숙박,67773.0000,2026-04-16 19:19:00,FALSE,FALSE,,,2026-04-16 19:19:00
333,4,7,생활용품점,,기타상품·서비스,35902.0000,2026-04-17 10:08:00,FALSE,FALSE,,,2026-04-17 10:08:00
334,4,8,소아과의원,,보건,36609.0000,2026-04-17 21:06:00,FALSE,FALSE,,,2026-04-17 21:06:00
335,4,7,11번가,,가정용품·가사서비스,1000.0000,2026-04-18 22:18:00,FALSE,FALSE,,,2026-04-18 22:18:00
336,4,7,CGV,,오락·문화,33533.0000,2026-04-19 09:27:00,FALSE,FALSE,,,2026-04-19 09:27:00
337,4,8,소아과의원,,보건,51932.0000,2026-04-19 22:10:00,FALSE,FALSE,,,2026-04-19 22:10:00
338,4,7,네일샵,,기타상품·서비스,41990.0000,2026-04-19 22:11:00,FALSE,FALSE,,,2026-04-19 22:11:00
339,4,8,도시가스,,주거·수도·광열,149612.0000,2026-04-20 10:56:00,FALSE,FALSE,,,2026-04-20 10:56:00
340,4,7,아동복매장,,의류·신발,1000.0000,2026-04-20 11:40:00,FALSE,FALSE,,,2026-04-20 11:40:00
341,4,7,세탁소,,기타상품·서비스,1000.0000,2026-04-21 21:28:00,FALSE,FALSE,,,2026-04-21 21:28:00
342,4,7,키즈카페,,오락·문화,17041.0000,2026-04-22 18:11:00,FALSE,FALSE,,,2026-04-22 18:11:00
343,4,7,농협하나로마트,,식료품·비주류음료,64126.0000,2026-04-23 15:45:00,FALSE,FALSE,,,2026-04-23 15:45:00
344,4,8,분식집,,음식·숙박,1000.0000,2026-04-23 22:05:00,FALSE,FALSE,,,2026-04-23 22:05:00
345,4,7,마트 주류코너,,주류·담배,1329.0000,2026-04-24 16:50:00,FALSE,FALSE,,,2026-04-24 16:50:00
346,4,8,와인앤모어,,주류·담배,21869.0000,2026-04-24 22:40:00,FALSE,FALSE,,,2026-04-24 22:40:00
347,4,7,ZARA,,의류·신발,32630.0000,2026-04-25 16:59:00,FALSE,FALSE,,,2026-04-25 16:59:00
348,4,7,다이소,,가정용품·가사서비스,15103.0000,2026-04-26 14:48:00,FALSE,FALSE,,,2026-04-26 14:48:00
349,4,7,11번가,,가정용품·가사서비스,11460.0000,2026-04-27 18:48:00,FALSE,FALSE,,,2026-04-27 18:48:00
350,4,8,학습지,,교육,41899.0000,2026-04-28 08:24:00,FALSE,FALSE,,,2026-04-28 08:24:00
351,4,7,생활용품점,,기타상품·서비스,43950.0000,2026-04-28 13:30:00,FALSE,FALSE,,,2026-04-28 13:30:00
352,4,8,아파트관리비,,주거·수도·광열,161992.0000,2026-04-28 15:23:00,FALSE,FALSE,,,2026-04-28 15:23:00
353,4,7,다이소,,가정용품·가사서비스,1000.0000,2026-04-29 11:46:00,FALSE,FALSE,,,2026-04-29 11:46:00
354,4,7,카카오택시,,교통,54033.0000,2026-04-29 15:14:00,FALSE,FALSE,,,2026-04-29 15:14:00
355,4,8,약국,,보건,20590.0000,2026-04-30 10:56:00,FALSE,FALSE,,,2026-04-30 10:56:00
356,4,7,넷플릭스,,오락·문화,18416.0000,2026-04-30 19:13:00,FALSE,FALSE,,,2026-04-30 19:13:00
357,4,7,H&M,,의류·신발,16770.0000,2026-04-30 20:05:00,FALSE,FALSE,,,2026-04-30 20:05:00
358,4,7,세븐일레븐,,식료품·비주류음료,25054.0000,2026-05-01 08:34:00,FALSE,FALSE,,,2026-05-01 08:34:00
359,4,7,무신사,,의류·신발,22646.0000,2026-05-01 12:44:00,FALSE,FALSE,,,2026-05-01 12:44:00
360,4,7,스타벅스,,음식·숙박,35288.0000,2026-05-02 09:19:00,FALSE,FALSE,,,2026-05-02 09:19:00
361,4,8,유튜브프리미엄,,정보통신,51921.0000,2026-05-02 10:30:00,FALSE,FALSE,,,2026-05-02 10:30:00
362,4,8,GS약국,,보건,9095.0000,2026-05-02 16:55:00,FALSE,FALSE,,,2026-05-02 16:55:00
363,4,8,태권도장,,교육,15683.0000,2026-05-02 18:45:00,FALSE,FALSE,,,2026-05-02 18:45:00
364,4,7,홈플러스가전,,가정용품·가사서비스,26152.0000,2026-05-04 15:58:00,FALSE,FALSE,,,2026-05-04 15:58:00
365,4,7,키즈카페,,오락·문화,8573.0000,2026-05-04 16:29:00,FALSE,FALSE,,,2026-05-04 16:29:00
366,4,8,이케아,,가정용품·가사서비스,42941.0000,2026-05-05 19:20:00,FALSE,FALSE,,,2026-05-05 19:20:00
367,4,8,BBQ치킨,,음식·숙박,111002.0000,2026-05-05 20:59:00,FALSE,FALSE,,,2026-05-05 20:59:00
368,4,7,생활용품점,,기타상품·서비스,13118.0000,2026-05-07 13:06:00,FALSE,FALSE,,,2026-05-07 13:06:00
369,4,7,소아과의원,,보건,17938.0000,2026-05-08 09:14:00,FALSE,FALSE,,,2026-05-08 09:14:00
370,4,7,교촌치킨,,음식·숙박,74240.0000,2026-05-08 16:45:00,FALSE,FALSE,,,2026-05-08 16:45:00
371,4,7,생활용품점,,기타상품·서비스,1000.0000,2026-05-09 10:38:00,FALSE,FALSE,,,2026-05-09 10:38:00
372,4,7,넷플릭스,,오락·문화,1000.0000,2026-05-09 18:50:00,FALSE,FALSE,,,2026-05-09 18:50:00
373,4,8,수학학원,,교육,15152.0000,2026-05-09 19:51:00,FALSE,FALSE,,,2026-05-09 19:51:00
374,4,8,도시가스,,주거·수도·광열,126051.0000,2026-05-09 20:30:00,FALSE,FALSE,,,2026-05-09 20:30:00
375,4,8,ABC마트,,의류·신발,32497.0000,2026-05-09 22:34:00,FALSE,FALSE,,,2026-05-09 22:34:00
376,4,8,미용실,,기타상품·서비스,25418.0000,2026-05-10 15:04:00,FALSE,FALSE,,,2026-05-10 15:04:00
377,4,7,GS약국,,보건,51307.0000,2026-05-11 10:54:00,FALSE,FALSE,,,2026-05-11 10:54:00
378,4,7,롯데마트,,식료품·비주류음료,27638.0000,2026-05-11 17:49:00,FALSE,FALSE,,,2026-05-11 17:49:00
379,4,8,KT인터넷,,주거·수도·광열,79037.0000,2026-05-11 22:45:00,FALSE,FALSE,,,2026-05-11 22:45:00
380,4,7,ABC마트,,의류·신발,1000.0000,2026-05-12 10:08:00,FALSE,FALSE,,,2026-05-12 10:08:00
381,4,8,BBQ치킨,,음식·숙박,73775.0000,2026-05-12 11:07:00,FALSE,FALSE,,,2026-05-12 11:07:00
382,4,8,세탁소,,기타상품·서비스,30161.0000,2026-05-13 09:34:00,FALSE,FALSE,,,2026-05-13 09:34:00
383,4,7,네일샵,,기타상품·서비스,21974.0000,2026-05-13 12:11:00,FALSE,FALSE,,,2026-05-13 12:11:00
384,4,8,CGV,,오락·문화,2039.0000,2026-05-13 20:43:00,FALSE,FALSE,,,2026-05-13 20:43:00
385,4,7,롯데마트,,식료품·비주류음료,36402.0000,2026-05-14 11:34:00,FALSE,FALSE,,,2026-05-14 11:34:00
386,4,7,카카오버스,,교통,1000.0000,2026-05-15 11:29:00,FALSE,FALSE,,,2026-05-15 11:29:00
387,4,7,이마트,,식료품·비주류음료,81275.0000,2026-05-15 17:09:00,FALSE,FALSE,,,2026-05-15 17:09:00
388,4,7,세탁소,,기타상품·서비스,29867.0000,2026-05-16 16:19:00,FALSE,FALSE,,,2026-05-16 16:19:00
389,4,7,세븐일레븐,,식료품·비주류음료,24796.0000,2026-05-17 13:58:00,FALSE,FALSE,,,2026-05-17 13:58:00
390,4,8,키즈카페,,오락·문화,19424.0000,2026-05-17 22:08:00,FALSE,FALSE,,,2026-05-17 22:08:00
391,4,7,교보문고,,오락·문화,13538.0000,2026-05-18 10:24:00,FALSE,FALSE,,,2026-05-18 10:24:00
392,4,7,마켓컬리,,식료품·비주류음료,28338.0000,2026-05-18 13:50:00,FALSE,FALSE,,,2026-05-18 13:50:00
393,4,7,코스트코,,식료품·비주류음료,52431.0000,2026-05-18 17:00:00,FALSE,FALSE,,,2026-05-18 17:00:00
394,4,7,ABC마트,,의류·신발,25389.0000,2026-05-18 20:26:00,FALSE,FALSE,,,2026-05-18 20:26:00
395,4,8,KT통신비,,정보통신,22166.0000,2026-05-19 22:14:00,FALSE,FALSE,,,2026-05-19 22:14:00
396,4,7,카카오버스,,교통,42329.0000,2026-05-20 21:31:00,FALSE,FALSE,,,2026-05-20 21:31:00
397,4,8,올리브영,,보건,41819.0000,2026-05-21 10:25:00,FALSE,FALSE,,,2026-05-21 10:25:00
398,4,7,GS25,,식료품·비주류음료,29206.0000,2026-05-21 16:49:00,FALSE,FALSE,,,2026-05-21 16:49:00
399,4,7,하이패스,,교통,48113.0000,2026-05-21 17:39:00,FALSE,FALSE,,,2026-05-21 17:39:00
400,4,7,쿠팡,,가정용품·가사서비스,17394.0000,2026-05-21 21:02:00,FALSE,FALSE,,,2026-05-21 21:02:00
401,4,7,네일샵,,기타상품·서비스,44921.0000,2026-05-21 21:20:00,FALSE,FALSE,,,2026-05-21 21:20:00
402,4,7,홈플러스,,식료품·비주류음료,72658.0000,2026-05-22 09:56:00,FALSE,FALSE,,,2026-05-22 09:56:00
403,4,8,세탁소,,기타상품·서비스,15889.0000,2026-05-22 11:30:00,FALSE,FALSE,,,2026-05-22 11:30:00
404,4,8,분식집,,음식·숙박,1000.0000,2026-05-22 11:34:00,FALSE,FALSE,,,2026-05-22 11:34:00
405,4,7,티머니교통,,교통,35604.0000,2026-05-22 13:59:00,FALSE,FALSE,,,2026-05-22 13:59:00
406,4,7,GS25,,식료품·비주류음료,39805.0000,2026-05-22 19:03:00,FALSE,FALSE,,,2026-05-22 19:03:00
407,4,7,넷플릭스,,오락·문화,15672.0000,2026-05-22 20:16:00,FALSE,FALSE,,,2026-05-22 20:16:00
408,4,8,SKT통신비,,정보통신,23264.0000,2026-05-23 16:29:00,FALSE,FALSE,,,2026-05-23 16:29:00
409,4,7,교보문고,,오락·문화,20240.0000,2026-05-23 21:42:00,FALSE,FALSE,,,2026-05-23 21:42:00
410,4,7,롯데시네마,,오락·문화,1000.0000,2026-05-24 12:57:00,FALSE,FALSE,,,2026-05-24 12:57:00
411,4,7,롯데시네마,,오락·문화,12749.0000,2026-05-24 16:31:00,FALSE,FALSE,,,2026-05-24 16:31:00
412,4,8,아동복매장,,의류·신발,1000.0000,2026-05-24 19:31:00,FALSE,FALSE,,,2026-05-24 19:31:00
413,4,8,생활용품점,,기타상품·서비스,32382.0000,2026-05-24 21:13:00,FALSE,FALSE,,,2026-05-24 21:13:00
414,4,7,마트 주류코너,,주류·담배,1000.0000,2026-05-26 13:54:00,FALSE,FALSE,,,2026-05-26 13:54:00
415,4,7,CGV,,오락·문화,20951.0000,2026-05-26 14:31:00,FALSE,FALSE,,,2026-05-26 14:31:00
416,4,7,다이소,,가정용품·가사서비스,1000.0000,2026-05-26 14:33:00,FALSE,FALSE,,,2026-05-26 14:33:00
417,4,8,피아노학원,,교육,1000.0000,2026-05-27 19:19:00,FALSE,FALSE,,,2026-05-27 19:19:00
418,4,7,ZARA,,의류·신발,18690.0000,2026-05-27 21:50:00,FALSE,FALSE,,,2026-05-27 21:50:00
419,4,8,LGU+통신비,,정보통신,39217.0000,2026-05-29 09:10:00,FALSE,FALSE,,,2026-05-29 09:10:00
420,4,8,뚜레쥬르,,음식·숙박,116826.0000,2026-05-29 13:02:00,FALSE,FALSE,,,2026-05-29 13:02:00
421,4,8,서울시수도,,주거·수도·광열,191052.0000,2026-05-29 17:39:00,FALSE,FALSE,,,2026-05-29 17:39:00
422,4,7,편의점 맥주,,주류·담배,35636.0000,2026-05-30 10:14:00,FALSE,FALSE,,,2026-05-30 10:14:00
423,4,7,티머니교통,,교통,75176.0000,2026-05-30 11:20:00,FALSE,FALSE,,,2026-05-30 11:20:00
424,4,8,소아과의원,,보건,54682.0000,2026-05-30 20:29:00,FALSE,FALSE,,,2026-05-30 20:29:00
425,4,8,수학학원,,교육,29135.0000,2026-05-31 21:28:00,FALSE,FALSE,,,2026-05-31 21:28:00
426,4,8,배달의민족,,음식·숙박,92069.0000,2026-06-01 08:54:00,FALSE,FALSE,,,2026-06-01 08:54:00
427,4,8,뚜레쥬르,,음식·숙박,10209.0000,2026-06-01 10:46:00,FALSE,FALSE,,,2026-06-01 10:46:00
428,4,7,생활용품점,,기타상품·서비스,14594.0000,2026-06-01 11:01:00,FALSE,FALSE,,,2026-06-01 11:01:00
429,4,8,교촌치킨,,음식·숙박,92901.0000,2026-06-01 17:03:00,FALSE,FALSE,,,2026-06-01 17:03:00
430,4,7,서울교통공사,,교통,96021.0000,2026-06-02 20:48:00,FALSE,FALSE,,,2026-06-02 20:48:00
431,4,7,홈플러스,,식료품·비주류음료,34903.0000,2026-06-03 14:34:00,FALSE,FALSE,,,2026-06-03 14:34:00
432,4,7,택배,,기타상품·서비스,51809.0000,2026-06-03 17:12:00,FALSE,FALSE,,,2026-06-03 17:12:00
433,4,7,SKT통신비,,정보통신,5299.0000,2026-06-03 18:29:00,FALSE,FALSE,,,2026-06-03 18:29:00
434,4,8,교촌치킨,,음식·숙박,72436.0000,2026-06-03 22:27:00,FALSE,FALSE,,,2026-06-03 22:27:00
435,4,7,홈플러스,,식료품·비주류음료,22976.0000,2026-06-04 13:23:00,FALSE,FALSE,,,2026-06-04 13:23:00
436,4,7,11번가,,가정용품·가사서비스,7123.0000,2026-06-05 08:00:00,FALSE,FALSE,,,2026-06-05 08:00:00
437,4,7,롯데마트,,식료품·비주류음료,81687.0000,2026-06-06 18:57:00,FALSE,FALSE,,,2026-06-06 18:57:00
438,4,7,CGV,,오락·문화,23773.0000,2026-06-07 11:18:00,FALSE,FALSE,,,2026-06-07 11:18:00
439,4,7,내과의원,,보건,54634.0000,2026-06-07 12:48:00,FALSE,FALSE,,,2026-06-07 12:48:00
440,4,7,미용실,,기타상품·서비스,16625.0000,2026-06-07 16:42:00,FALSE,FALSE,,,2026-06-07 16:42:00
441,4,7,피아노학원,,교육,2941.0000,2026-06-08 10:24:00,FALSE,FALSE,,,2026-06-08 10:24:00
442,4,7,유니클로,,의류·신발,27161.0000,2026-06-08 20:04:00,FALSE,FALSE,,,2026-06-08 20:04:00
443,4,7,11번가,,가정용품·가사서비스,23746.0000,2026-06-09 14:56:00,FALSE,FALSE,,,2026-06-09 14:56:00
444,4,8,홈플러스가전,,가정용품·가사서비스,15026.0000,2026-06-09 16:43:00,FALSE,FALSE,,,2026-06-09 16:43:00
445,4,8,다이소,,가정용품·가사서비스,14890.0000,2026-06-10 14:34:00,FALSE,FALSE,,,2026-06-10 14:34:00
446,4,8,편의점 맥주,,주류·담배,21137.0000,2026-06-10 15:01:00,FALSE,FALSE,,,2026-06-10 15:01:00
447,4,7,ABC마트,,의류·신발,32142.0000,2026-06-11 09:30:00,FALSE,FALSE,,,2026-06-11 09:30:00
448,4,7,BBQ치킨,,음식·숙박,72968.0000,2026-06-11 13:14:00,FALSE,FALSE,,,2026-06-11 13:14:00
449,4,7,ABC마트,,의류·신발,19351.0000,2026-06-12 20:59:00,FALSE,FALSE,,,2026-06-12 20:59:00
450,4,8,GS약국,,보건,2151.0000,2026-06-13 16:14:00,FALSE,FALSE,,,2026-06-13 16:14:00
451,4,7,네일샵,,기타상품·서비스,25052.0000,2026-06-14 16:26:00,FALSE,FALSE,,,2026-06-14 16:26:00
452,4,7,홈플러스,,식료품·비주류음료,39091.0000,2026-06-14 17:00:00,FALSE,FALSE,,,2026-06-14 17:00:00
453,4,7,GS25,,식료품·비주류음료,41007.0000,2026-06-14 17:40:00,FALSE,FALSE,,,2026-06-14 17:40:00
454,4,7,롯데마트,,식료품·비주류음료,29558.0000,2026-06-14 18:22:00,FALSE,FALSE,,,2026-06-14 18:22:00
455,4,7,생활용품점,,기타상품·서비스,43265.0000,2026-06-14 22:05:00,FALSE,FALSE,,,2026-06-14 22:05:00
456,4,8,교보문고,,오락·문화,18126.0000,2026-06-15 13:50:00,FALSE,FALSE,,,2026-06-15 13:50:00
457,4,7,롯데월드,,오락·문화,9793.0000,2026-06-15 22:02:00,FALSE,FALSE,,,2026-06-15 22:02:00
458,4,7,CGV,,오락·문화,37883.0000,2026-06-17 10:32:00,FALSE,FALSE,,,2026-06-17 10:32:00
459,4,7,홈플러스가전,,가정용품·가사서비스,1000.0000,2026-06-17 13:43:00,FALSE,FALSE,,,2026-06-17 13:43:00
460,4,8,ABC마트,,의류·신발,1000.0000,2026-06-17 16:25:00,FALSE,FALSE,,,2026-06-17 16:25:00
461,4,7,오늘의집,,가정용품·가사서비스,1000.0000,2026-06-17 17:55:00,FALSE,FALSE,,,2026-06-17 17:55:00
462,4,8,미용실,,기타상품·서비스,16570.0000,2026-06-17 22:27:00,FALSE,FALSE,,,2026-06-17 22:27:00
463,4,8,치과,,보건,44133.0000,2026-06-19 13:28:00,FALSE,FALSE,,,2026-06-19 13:28:00
464,4,8,내과의원,,보건,50492.0000,2026-06-19 15:01:00,FALSE,FALSE,,,2026-06-19 15:01:00
465,4,7,티머니교통,,교통,36065.0000,2026-06-19 16:24:00,FALSE,FALSE,,,2026-06-19 16:24:00
466,4,7,치과,,보건,19590.0000,2026-06-19 19:58:00,FALSE,FALSE,,,2026-06-19 19:58:00
467,4,8,롯데시네마,,오락·문화,24425.0000,2026-06-20 15:37:00,FALSE,FALSE,,,2026-06-20 15:37:00
468,4,7,유니클로,,의류·신발,23846.0000,2026-06-20 16:52:00,FALSE,FALSE,,,2026-06-20 16:52:00
469,4,7,수제맥주펍,,주류·담배,15863.0000,2026-06-21 18:37:00,FALSE,FALSE,,,2026-06-21 18:37:00
470,4,8,분식집,,음식·숙박,58417.0000,2026-06-21 21:28:00,FALSE,FALSE,,,2026-06-21 21:28:00
471,4,7,영어학원,,교육,63559.0000,2026-06-22 13:20:00,FALSE,FALSE,,,2026-06-22 13:20:00
472,4,8,SKT통신비,,정보통신,127701.0000,2026-06-22 20:48:00,FALSE,FALSE,,,2026-06-22 20:48:00
473,4,7,서울시수도,,주거·수도·광열,52212.0000,2026-06-23 13:29:00,FALSE,FALSE,,,2026-06-23 13:29:00
474,4,8,마트 주류코너,,주류·담배,1000.0000,2026-06-23 15:27:00,FALSE,FALSE,,,2026-06-23 15:27:00
475,4,7,카카오버스,,교통,66414.0000,2026-06-24 15:49:00,FALSE,FALSE,,,2026-06-24 15:49:00
476,4,7,ZARA,,의류·신발,1000.0000,2026-06-24 22:02:00,FALSE,FALSE,,,2026-06-24 22:02:00
477,4,8,코스트코,,식료품·비주류음료,87066.0000,2026-06-25 08:35:00,FALSE,FALSE,,,2026-06-25 08:35:00
478,4,8,GS25,,식료품·비주류음료,61712.0000,2026-06-25 13:26:00,FALSE,FALSE,,,2026-06-25 13:26:00
479,4,7,카카오버스,,교통,1000.0000,2026-06-25 21:43:00,FALSE,FALSE,,,2026-06-25 21:43:00
480,4,8,도시가스,,주거·수도·광열,327788.0000,2026-06-26 10:00:00,FALSE,FALSE,,,2026-06-26 10:00:00
481,4,8,택배,,기타상품·서비스,17829.0000,2026-06-26 18:33:00,FALSE,FALSE,,,2026-06-26 18:33:00
482,4,7,이마트,,식료품·비주류음료,1000.0000,2026-06-27 09:50:00,FALSE,FALSE,,,2026-06-27 09:50:00
483,4,7,네일샵,,기타상품·서비스,23256.0000,2026-06-27 13:42:00,FALSE,FALSE,,,2026-06-27 13:42:00
484,4,7,쿠팡,,가정용품·가사서비스,22715.0000,2026-06-28 22:29:00,FALSE,FALSE,,,2026-06-28 22:29:00
485,4,7,택배,,기타상품·서비스,25910.0000,2026-07-01 09:04:00,FALSE,FALSE,,,2026-07-01 09:04:00
486,4,8,마트 주류코너,,주류·담배,7689.0000,2026-07-01 10:12:00,FALSE,FALSE,,,2026-07-01 10:12:00
487,4,7,GS칼텍스,,교통,44649.0000,2026-07-01 10:44:00,FALSE,FALSE,,,2026-07-01 10:44:00
488,4,7,한국전력,,주거·수도·광열,83089.0000,2026-07-02 14:24:00,FALSE,FALSE,,,2026-07-02 14:24:00
489,4,8,교촌치킨,,음식·숙박,15146.0000,2026-07-03 18:01:00,FALSE,FALSE,,,2026-07-03 18:01:00
490,4,8,유튜브프리미엄,,정보통신,31067.0000,2026-07-03 22:31:00,FALSE,FALSE,,,2026-07-03 22:31:00
491,4,7,H&M,,의류·신발,22435.0000,2026-07-04 15:25:00,FALSE,FALSE,,,2026-07-04 15:25:00
492,4,8,치과,,보건,4349.0000,2026-07-04 22:41:00,FALSE,FALSE,,,2026-07-04 22:41:00
493,4,8,이마트,,식료품·비주류음료,17265.0000,2026-07-04 22:58:00,FALSE,FALSE,,,2026-07-04 22:58:00
494,4,7,롯데시네마,,오락·문화,15450.0000,2026-07-05 11:40:00,FALSE,FALSE,,,2026-07-05 11:40:00
495,4,7,세탁소,,기타상품·서비스,21291.0000,2026-07-05 13:31:00,FALSE,FALSE,,,2026-07-05 13:31:00
496,4,7,롯데마트,,식료품·비주류음료,74256.0000,2026-07-06 10:34:00,FALSE,FALSE,,,2026-07-06 10:34:00
497,4,7,롯데시네마,,오락·문화,8931.0000,2026-07-06 13:22:00,FALSE,FALSE,,,2026-07-06 13:22:00
498,4,8,학습지,,교육,13935.0000,2026-07-06 17:46:00,FALSE,FALSE,,,2026-07-06 17:46:00
499,4,7,GS약국,,보건,21584.0000,2026-07-06 18:08:00,FALSE,FALSE,,,2026-07-06 18:08:00
500,4,7,쿠팡,,가정용품·가사서비스,18882.0000,2026-07-06 18:18:00,FALSE,FALSE,,,2026-07-06 18:18:00
501,4,8,분식집,,음식·숙박,76789.0000,2026-07-07 12:54:00,FALSE,FALSE,,,2026-07-07 12:54:00
502,4,8,올리브영,,보건,14879.0000,2026-07-07 13:00:00,FALSE,FALSE,,,2026-07-07 13:00:00
