id,user_id,institution_id,stock_code,stock_name,quantity,eval_amount,synced_at
1,1,7,005930,삼성전자,0.500000,35900.0000,2026-06-19 08:00:00
2,1,7,000660,SK하이닉스,0.200000,37000.0000,2026-06-19 08:00:00
3,3,14,005930,삼성전자,0.5,28250,2026-06-25 09:00:00
4,3,14,000660,SK하이닉스,0.3,55800,2026-06-25 09:00:00
5,3,14,035420,NAVER,2,390000,2026-06-25 09:00:00
6,4,21,005930,삼성전자,0.7,51800,2026-06-27 09:00:00
7,4,21,035420,NAVER,0.3,58500,2026-06-27 09:00:00
8,4,21,066570,LG전자,1,95000,2026-06-27 09:00:00
9,4,21,000660,SK하이닉스,1,186000,2026-06-27 09:00:00
