-- 페르소나 시드 데이터 — 임혜진 (전업주부, 1990년생)
-- docker-entrypoint-initdb.d/03-persona-seed.sql 로 마운트 → 볼륨 초기화 시 자동 실행
USE pocketstock_main;
SET NAMES utf8mb4;

INSERT INTO institution_master (id,category,company_code,company_name,logo_url,is_active,sort_order,created_at,updated_at) VALUES
(1,'BANK','SHINHAN_BANK','신한은행',NULL,TRUE,1,'2026-01-01 00:00:00','2026-01-01 00:00:00'),
(2,'CARD','SHINHAN_CARD','신한카드',NULL,TRUE,2,'2026-01-01 00:00:00','2026-01-01 00:00:00'),
(3,'POINT','SHINHAN_POINT','마이신한포인트',NULL,TRUE,3,'2026-01-01 00:00:00','2026-01-01 00:00:00'),
(4,'BANK','KB_BANK','국민은행',NULL,TRUE,4,'2026-01-01 00:00:00','2026-01-01 00:00:00'),
(5,'BANK','KAKAO_BANK','카카오뱅크',NULL,TRUE,5,'2026-01-01 00:00:00','2026-01-01 00:00:00'),
(6,'CARD','KB_CARD','KB국민카드',NULL,TRUE,6,'2026-01-01 00:00:00','2026-01-01 00:00:00'),
(7,'SECURITIES','TOSS_SEC','토스증권',NULL,TRUE,7,'2026-01-01 00:00:00','2026-01-01 00:00:00');

-- 마이데이터 연동 가능 기관 카탈로그 확장 (id 8~34, 카탈로그 전용 — 페르소나 user는 1~7만 LINKED)
-- 연동 선택 화면(GET /assets/institutions)에서 AVAILABLE 상태로 노출. user1 linked_*는 master id 1~7만 참조하므로 기존 무영향.
INSERT INTO institution_master (id,category,company_code,company_name,logo_url,is_active,sort_order,created_at,updated_at) VALUES
-- 은행
(8,'BANK','WOORI_BANK','우리은행',NULL,TRUE,8,'2026-01-01 00:00:00','2026-01-01 00:00:00'),
(9,'BANK','HANA_BANK','하나은행',NULL,TRUE,9,'2026-01-01 00:00:00','2026-01-01 00:00:00'),
(10,'BANK','NH_BANK','농협은행',NULL,TRUE,10,'2026-01-01 00:00:00','2026-01-01 00:00:00'),
(11,'BANK','IBK_BANK','IBK기업은행',NULL,TRUE,11,'2026-01-01 00:00:00','2026-01-01 00:00:00'),
(12,'BANK','TOSS_BANK','토스뱅크',NULL,TRUE,12,'2026-01-01 00:00:00','2026-01-01 00:00:00'),
(13,'BANK','KBANK','케이뱅크',NULL,TRUE,13,'2026-01-01 00:00:00','2026-01-01 00:00:00'),
(14,'BANK','SC_BANK','SC제일은행',NULL,TRUE,14,'2026-01-01 00:00:00','2026-01-01 00:00:00'),
(15,'BANK','MG_BANK','새마을금고',NULL,TRUE,15,'2026-01-01 00:00:00','2026-01-01 00:00:00'),
-- 카드
(16,'CARD','HYUNDAI_CARD','현대카드',NULL,TRUE,16,'2026-01-01 00:00:00','2026-01-01 00:00:00'),
(17,'CARD','SAMSUNG_CARD','삼성카드',NULL,TRUE,17,'2026-01-01 00:00:00','2026-01-01 00:00:00'),
(18,'CARD','LOTTE_CARD','롯데카드',NULL,TRUE,18,'2026-01-01 00:00:00','2026-01-01 00:00:00'),
(19,'CARD','HANA_CARD','하나카드',NULL,TRUE,19,'2026-01-01 00:00:00','2026-01-01 00:00:00'),
(20,'CARD','WOORI_CARD','우리카드',NULL,TRUE,20,'2026-01-01 00:00:00','2026-01-01 00:00:00'),
(21,'CARD','BC_CARD','BC카드',NULL,TRUE,21,'2026-01-01 00:00:00','2026-01-01 00:00:00'),
(22,'CARD','NH_CARD','NH농협카드',NULL,TRUE,22,'2026-01-01 00:00:00','2026-01-01 00:00:00'),
-- 증권
(23,'SECURITIES','KIWOOM_SEC','키움증권',NULL,TRUE,23,'2026-01-01 00:00:00','2026-01-01 00:00:00'),
(24,'SECURITIES','MIRAE_SEC','미래에셋증권',NULL,TRUE,24,'2026-01-01 00:00:00','2026-01-01 00:00:00'),
(25,'SECURITIES','SAMSUNG_SEC','삼성증권',NULL,TRUE,25,'2026-01-01 00:00:00','2026-01-01 00:00:00'),
(26,'SECURITIES','NH_SEC','NH투자증권',NULL,TRUE,26,'2026-01-01 00:00:00','2026-01-01 00:00:00'),
(27,'SECURITIES','KIS_SEC','한국투자증권',NULL,TRUE,27,'2026-01-01 00:00:00','2026-01-01 00:00:00'),
(28,'SECURITIES','KB_SEC','KB증권',NULL,TRUE,28,'2026-01-01 00:00:00','2026-01-01 00:00:00'),
-- 포인트
(29,'POINT','NAVER_POINT','네이버페이 포인트',NULL,TRUE,29,'2026-01-01 00:00:00','2026-01-01 00:00:00'),
(30,'POINT','KAKAO_POINT','카카오페이 포인트',NULL,TRUE,30,'2026-01-01 00:00:00','2026-01-01 00:00:00'),
(31,'POINT','TOSS_POINT','토스 포인트',NULL,TRUE,31,'2026-01-01 00:00:00','2026-01-01 00:00:00'),
(32,'POINT','OKCASHBAG','OK캐쉬백',NULL,TRUE,32,'2026-01-01 00:00:00','2026-01-01 00:00:00'),
(33,'POINT','LPOINT','엘포인트(L.POINT)',NULL,TRUE,33,'2026-01-01 00:00:00','2026-01-01 00:00:00'),
(34,'POINT','CJONE','CJ ONE',NULL,TRUE,34,'2026-01-01 00:00:00','2026-01-01 00:00:00');

INSERT INTO users (id,username,password_hash,name,phone,ci,birth_date,gender,device_id,status,created_at,updated_at,deleted_at) VALUES
(1,'hyejin90','$2a$10$N9qo8uLOickgx2ZMRZoMyeIjZAgcfl7p92ldGxad68LJZdL17lM5i','임혜진','010-9876-5432',NULL,'1990-07-22','FEMALE',NULL,'ACTIVE','2026-01-15 10:00:00','2026-01-15 10:00:00',NULL);

INSERT INTO linked_institutions (id,user_id,institution_master_id,link_status,linked_at,last_synced_at,created_at,updated_at) VALUES
(1,1,1,'LINKED','2026-01-15 10:10:00','2026-06-19 08:00:00','2026-01-15 10:10:00','2026-06-19 08:00:00'),
(2,1,2,'LINKED','2026-01-15 10:12:00','2026-06-19 08:00:00','2026-01-15 10:12:00','2026-06-19 08:00:00'),
(3,1,3,'LINKED','2026-01-15 10:13:00','2026-06-19 08:00:00','2026-01-15 10:13:00','2026-06-19 08:00:00'),
(4,1,4,'LINKED','2026-01-15 10:15:00','2026-06-19 08:00:00','2026-01-15 10:15:00','2026-06-19 08:00:00'),
(5,1,5,'LINKED','2026-01-15 10:16:00','2026-06-19 08:00:00','2026-01-15 10:16:00','2026-06-19 08:00:00'),
(6,1,6,'LINKED','2026-01-15 10:17:00','2026-06-19 08:00:00','2026-01-15 10:17:00','2026-06-19 08:00:00'),
(7,1,7,'LINKED','2026-01-15 10:18:00','2026-06-19 08:00:00','2026-01-15 10:18:00','2026-06-19 08:00:00');

INSERT INTO linked_bank_accounts (id,user_id,institution_id,account_type,account_name,account_no_enc,balance,currency,interest_rate,start_date,maturity_date,is_dormant,last_synced_at,created_at,updated_at) VALUES
(1,1,1,'DEMAND','신한 입출금통장',NULL,1855600.0000,'KRW',NULL,NULL,NULL,FALSE,'2026-06-19 08:00:00','2026-01-15 10:10:00','2026-06-19 08:00:00'),
(2,1,1,'SAVINGS','신한 쏠편한 적금',NULL,8400000.0000,'KRW',0.0350,'2025-07-01','2027-07-01',FALSE,'2026-06-19 08:00:00','2026-01-15 10:10:00','2026-06-19 08:00:00'),
(3,1,4,'DEMAND','국민 일반 입출금',NULL,12300.0000,'KRW',NULL,NULL,NULL,TRUE,'2026-06-19 08:00:00','2026-01-15 10:15:00','2026-06-19 08:00:00'),
(4,1,4,'DEPOSIT','KB 정기예금',NULL,2000000.0000,'KRW',0.0210,'2023-03-01','2024-03-01',TRUE,'2026-06-19 08:00:00','2026-01-15 10:15:00','2026-06-19 08:00:00'),
(5,1,5,'DEMAND','카카오뱅크 입출금',NULL,85000.0000,'KRW',NULL,NULL,NULL,FALSE,'2026-06-19 08:00:00','2026-01-15 10:16:00','2026-06-19 08:00:00'),
(6,1,1,'DEPOSIT','신한 단기 정기예금',NULL,3000000.0000,'KRW',0.0250,'2026-01-20','2026-07-10',FALSE,'2026-06-19 08:00:00','2026-01-20 10:00:00','2026-06-19 08:00:00'),
(7,1,1,'DEMAND','SOL트래블 외화지갑',NULL,4.5000,'USD',NULL,NULL,NULL,FALSE,'2026-06-19 08:00:00','2026-02-10 09:00:00','2026-06-19 08:00:00');

INSERT INTO linked_cards (id,user_id,institution_id,card_name,card_type,masked_no,payment_account_id,card_master_id,last_synced_at,created_at,updated_at) VALUES
(1,1,2,'신한 Deep Dream 체크카드','CHECK','4127-****-****-3819',1,NULL,'2026-06-19 08:00:00','2026-01-15 10:12:00','2026-06-19 08:00:00'),
(2,1,2,'신한 Air One 신용카드','CREDIT','5374-****-****-2891',1,18,'2026-06-19 08:00:00','2026-01-15 10:12:00','2026-06-19 08:00:00'),
(3,1,6,'KB직장인보너스카드','CREDIT','5569-****-****-4427',3,NULL,'2026-01-15 10:17:00','2026-01-15 10:17:00','2026-01-15 10:17:00');

INSERT INTO linked_points (id,user_id,institution_id,point_name,balance,last_synced_at,created_at,updated_at) VALUES
(1,1,3,'마이신한포인트',28000,'2026-06-19 08:00:00','2026-01-15 10:13:00','2026-06-19 08:00:00');

INSERT INTO linked_securities (id,user_id,institution_id,deposit_cash,currency,last_synced_at,created_at,updated_at) VALUES
(1,1,7,3200.0000,'KRW','2026-06-19 08:00:00','2026-01-15 10:18:00','2026-06-19 08:00:00');

INSERT INTO external_holdings (id,user_id,institution_id,stock_code,stock_name,quantity,eval_amount,synced_at) VALUES
(1,1,7,'005930','삼성전자',0.500000,35900.0000,'2026-06-19 08:00:00'),
(2,1,7,'000660','SK하이닉스',0.200000,37000.0000,'2026-06-19 08:00:00');

-- card_transactions (53건: 4월 20건 / 5월 20건 / 6월 13건)
INSERT INTO card_transactions (id,user_id,card_id,merchant_name,mcc,category,amount,paid_at,is_cancelled,is_roundup_collected,roundup_collected_at,roundup_amount,created_at) VALUES
-- 4월 체크카드 (결제 즉시 라운드업 수집: 합계 4,000원) / 신용카드 roundup 미해당 → NULL
(1,1,1,'이마트',NULL,'식료품·비주류음료',73400.0000,'2026-04-02 11:20:00',FALSE,TRUE,'2026-04-02 11:20:00',600.0000,'2026-04-02 11:20:00'),
(2,1,1,'GS25',NULL,'식료품·비주류음료',3800.0000,'2026-04-04 15:30:00',FALSE,TRUE,'2026-04-04 15:30:00',200.0000,'2026-04-04 15:30:00'),
(3,1,1,'스타벅스',NULL,'음식·숙박',5600.0000,'2026-04-06 10:30:00',FALSE,TRUE,'2026-04-06 10:30:00',400.0000,'2026-04-06 10:30:00'),
(4,1,1,'약국',NULL,'보건',8900.0000,'2026-04-07 15:30:00',FALSE,TRUE,'2026-04-07 15:30:00',100.0000,'2026-04-07 15:30:00'),
(5,1,1,'교통카드충전',NULL,'교통',30000.0000,'2026-04-09 08:30:00',FALSE,TRUE,'2026-04-09 08:30:00',0.0000,'2026-04-09 08:30:00'),
(6,1,1,'마켓컬리',NULL,'식료품·비주류음료',54300.0000,'2026-04-11 09:00:00',FALSE,TRUE,'2026-04-11 09:00:00',700.0000,'2026-04-11 09:00:00'),
(7,1,1,'CU편의점',NULL,'식료품·비주류음료',4200.0000,'2026-04-12 14:20:00',FALSE,TRUE,'2026-04-12 14:20:00',800.0000,'2026-04-12 14:20:00'),
(8,1,1,'투썸플레이스',NULL,'음식·숙박',9500.0000,'2026-04-14 10:30:00',FALSE,TRUE,'2026-04-14 10:30:00',500.0000,'2026-04-14 10:30:00'),
(9,1,1,'올리브영',NULL,'보건',23700.0000,'2026-04-15 14:00:00',FALSE,TRUE,'2026-04-15 14:00:00',300.0000,'2026-04-15 14:00:00'),
(10,1,1,'이마트',NULL,'식료품·비주류음료',38600.0000,'2026-04-17 11:00:00',FALSE,TRUE,'2026-04-17 11:00:00',400.0000,'2026-04-17 11:00:00'),
(11,1,2,'배달의민족',NULL,'음식·숙박',23500.0000,'2026-04-09 19:30:00',FALSE,FALSE,NULL,NULL,'2026-04-09 19:30:00'),
(12,1,2,'고기집',NULL,'음식·숙박',87000.0000,'2026-04-12 18:00:00',FALSE,FALSE,NULL,NULL,'2026-04-12 18:00:00'),
(13,1,2,'아파트관리비',NULL,'주거·수도·광열',285000.0000,'2026-04-15 09:00:00',FALSE,FALSE,NULL,NULL,'2026-04-15 09:00:00'),
(14,1,2,'GS칼텍스',NULL,'교통',78400.0000,'2026-04-17 14:00:00',FALSE,FALSE,NULL,NULL,'2026-04-17 14:00:00'),
(15,1,2,'삼성서울병원',NULL,'보건',45000.0000,'2026-04-18 10:00:00',FALSE,FALSE,NULL,NULL,'2026-04-18 10:00:00'),
(16,1,2,'SKT통신비',NULL,'정보통신',55000.0000,'2026-04-23 00:00:00',FALSE,FALSE,NULL,NULL,'2026-04-23 00:00:00'),
(17,1,2,'넷플릭스',NULL,'오락·문화',17000.0000,'2026-04-25 00:00:00',FALSE,FALSE,NULL,NULL,'2026-04-25 00:00:00'),
(18,1,2,'CGV',NULL,'오락·문화',24000.0000,'2026-04-26 14:00:00',FALSE,FALSE,NULL,NULL,'2026-04-26 14:00:00'),
(19,1,2,'무신사',NULL,'의류·신발',78900.0000,'2026-04-28 13:00:00',FALSE,FALSE,NULL,NULL,'2026-04-28 13:00:00'),
(20,1,2,'피부과의원',NULL,'보건',35000.0000,'2026-04-21 11:00:00',FALSE,FALSE,NULL,NULL,'2026-04-21 11:00:00'),
-- 5월 체크카드 (결제 즉시 라운드업 수집: 합계 4,500원) / 신용카드 roundup 미해당 → NULL
(21,1,1,'이마트',NULL,'식료품·비주류음료',68700.0000,'2026-05-02 11:00:00',FALSE,TRUE,'2026-05-02 11:00:00',300.0000,'2026-05-02 11:00:00'),
(22,1,1,'마켓컬리',NULL,'식료품·비주류음료',47500.0000,'2026-05-04 08:00:00',FALSE,TRUE,'2026-05-04 08:00:00',500.0000,'2026-05-04 08:00:00'),
(23,1,1,'GS25',NULL,'식료품·비주류음료',2300.0000,'2026-05-06 14:20:00',FALSE,TRUE,'2026-05-06 14:20:00',700.0000,'2026-05-06 14:20:00'),
(24,1,1,'카페베네',NULL,'음식·숙박',4800.0000,'2026-05-07 10:45:00',FALSE,TRUE,'2026-05-07 10:45:00',200.0000,'2026-05-07 10:45:00'),
(25,1,1,'약국',NULL,'보건',12300.0000,'2026-05-09 15:00:00',FALSE,TRUE,'2026-05-09 15:00:00',700.0000,'2026-05-09 15:00:00'),
(26,1,1,'교통카드충전',NULL,'교통',30000.0000,'2026-05-13 08:30:00',FALSE,TRUE,'2026-05-13 08:30:00',0.0000,'2026-05-13 08:30:00'),
(27,1,1,'다이소',NULL,'가정용품·가사서비스',8400.0000,'2026-05-14 13:00:00',FALSE,TRUE,'2026-05-14 13:00:00',600.0000,'2026-05-14 13:00:00'),
(28,1,1,'스타벅스',NULL,'음식·숙박',7300.0000,'2026-05-16 10:30:00',FALSE,TRUE,'2026-05-16 10:30:00',700.0000,'2026-05-16 10:30:00'),
(29,1,1,'CU편의점',NULL,'식료품·비주류음료',5600.0000,'2026-05-19 14:20:00',FALSE,TRUE,'2026-05-19 14:20:00',400.0000,'2026-05-19 14:20:00'),
(30,1,1,'올리브영',NULL,'보건',18600.0000,'2026-05-21 15:00:00',FALSE,TRUE,'2026-05-21 15:00:00',400.0000,'2026-05-21 15:00:00'),
(31,1,2,'배달의민족',NULL,'음식·숙박',31700.0000,'2026-05-08 19:00:00',FALSE,FALSE,NULL,NULL,'2026-05-08 19:00:00'),
(32,1,2,'패밀리레스토랑',NULL,'음식·숙박',96500.0000,'2026-05-10 12:30:00',FALSE,FALSE,NULL,NULL,'2026-05-10 12:30:00'),
(33,1,2,'아파트관리비',NULL,'주거·수도·광열',285000.0000,'2026-05-15 09:00:00',FALSE,FALSE,NULL,NULL,'2026-05-15 09:00:00'),
(34,1,2,'GS칼텍스',NULL,'교통',82600.0000,'2026-05-17 13:00:00',FALSE,FALSE,NULL,NULL,'2026-05-17 13:00:00'),
(35,1,2,'내과의원',NULL,'보건',28000.0000,'2026-05-20 10:30:00',FALSE,FALSE,NULL,NULL,'2026-05-20 10:30:00'),
(36,1,2,'SKT통신비',NULL,'정보통신',55000.0000,'2026-05-23 00:00:00',FALSE,FALSE,NULL,NULL,'2026-05-23 00:00:00'),
(37,1,2,'유튜브프리미엄',NULL,'오락·문화',14900.0000,'2026-05-25 00:00:00',FALSE,FALSE,NULL,NULL,'2026-05-25 00:00:00'),
(38,1,2,'무신사',NULL,'의류·신발',67900.0000,'2026-05-26 13:00:00',FALSE,FALSE,NULL,NULL,'2026-05-26 13:00:00'),
(39,1,2,'학원비',NULL,'교육',120000.0000,'2026-05-27 09:00:00',FALSE,FALSE,NULL,NULL,'2026-05-27 09:00:00'),
(40,1,2,'쿠팡',NULL,'가정용품·가사서비스',34800.0000,'2026-05-29 10:00:00',FALSE,FALSE,NULL,NULL,'2026-05-29 10:00:00'),
-- 6월 체크카드 (결제 즉시 라운드업 수집: 합계 3,300원) / 신용카드 roundup 미해당 → NULL
(41,1,1,'이마트',NULL,'식료품·비주류음료',81300.0000,'2026-06-02 11:10:00',FALSE,TRUE,'2026-06-02 11:10:00',700.0000,'2026-06-02 11:10:00'),
(42,1,1,'GS25',NULL,'식료품·비주류음료',3100.0000,'2026-06-04 15:20:00',FALSE,TRUE,'2026-06-04 15:20:00',900.0000,'2026-06-04 15:20:00'),
(43,1,1,'카페베네',NULL,'음식·숙박',4500.0000,'2026-06-06 10:20:00',FALSE,TRUE,'2026-06-06 10:20:00',500.0000,'2026-06-06 10:20:00'),
(44,1,1,'약국',NULL,'보건',9800.0000,'2026-06-09 15:30:00',FALSE,TRUE,'2026-06-09 15:30:00',200.0000,'2026-06-09 15:30:00'),
(45,1,1,'교통카드충전',NULL,'교통',30000.0000,'2026-06-10 08:30:00',FALSE,TRUE,'2026-06-10 08:30:00',0.0000,'2026-06-10 08:30:00'),
(46,1,1,'다이소',NULL,'가정용품·가사서비스',12400.0000,'2026-06-13 13:00:00',FALSE,TRUE,'2026-06-13 13:00:00',600.0000,'2026-06-13 13:00:00'),
(47,1,1,'쿠팡',NULL,'식료품·비주류음료',47600.0000,'2026-06-15 09:00:00',FALSE,TRUE,'2026-06-15 09:00:00',400.0000,'2026-06-15 09:00:00'),
(48,1,2,'배달의민족',NULL,'음식·숙박',22300.0000,'2026-06-05 19:40:00',FALSE,FALSE,NULL,NULL,'2026-06-05 19:40:00'),
(49,1,2,'아파트관리비',NULL,'주거·수도·광열',285000.0000,'2026-06-11 09:00:00',FALSE,FALSE,NULL,NULL,'2026-06-11 09:00:00'),
(50,1,2,'GS칼텍스',NULL,'교통',76800.0000,'2026-06-12 14:00:00',FALSE,FALSE,NULL,NULL,'2026-06-12 14:00:00'),
(51,1,2,'소아과의원',NULL,'보건',32000.0000,'2026-06-14 14:20:00',FALSE,FALSE,NULL,NULL,'2026-06-14 14:20:00'),
(52,1,2,'SKT통신비',NULL,'정보통신',55000.0000,'2026-06-17 00:00:00',FALSE,FALSE,NULL,NULL,'2026-06-17 00:00:00'),
(53,1,2,'한식당',NULL,'음식·숙박',73500.0000,'2026-06-18 12:30:00',FALSE,FALSE,NULL,NULL,'2026-06-18 12:30:00');

INSERT INTO budget_goals (id,user_id,period,category,target_amount,created_at,updated_at) VALUES
(1,1,'2026-06',NULL,2500000.0000,'2026-06-01 00:00:00','2026-06-01 00:00:00'),
(2,1,'2026-06','식료품·비주류음료',450000.0000,'2026-06-01 00:00:00','2026-06-01 00:00:00'),
(3,1,'2026-06','음식·숙박',400000.0000,'2026-06-01 00:00:00','2026-06-01 00:00:00'),
(4,1,'2026-06','주거·수도·광열',500000.0000,'2026-06-01 00:00:00','2026-06-01 00:00:00'),
(5,1,'2026-06','교통',250000.0000,'2026-06-01 00:00:00','2026-06-01 00:00:00'),
(6,1,'2026-06','보건',200000.0000,'2026-06-01 00:00:00','2026-06-01 00:00:00'),
(7,1,'2026-06','정보통신',150000.0000,'2026-06-01 00:00:00','2026-06-01 00:00:00'),
(8,1,'2026-06','오락·문화',80000.0000,'2026-06-01 00:00:00','2026-06-01 00:00:00'),
(9,1,'2026-06','의류·신발',150000.0000,'2026-06-01 00:00:00','2026-06-01 00:00:00'),
(10,1,'2026-06','가정용품·가사서비스',100000.0000,'2026-06-01 00:00:00','2026-06-01 00:00:00'),
(11,1,'2026-06','교육',150000.0000,'2026-06-01 00:00:00','2026-06-01 00:00:00');

INSERT INTO budget_savings (id,user_id,period,target_amount,spent_amount,saved_amount,is_collect_agreed,transfer_status,transferred_at,created_at,updated_at) VALUES
(1,1,'2026-06',300000.0000,733300.0000,0.0000,TRUE,'PENDING',NULL,'2026-06-01 00:00:00','2026-06-19 08:00:00');

INSERT INTO holdings_replica (id,user_id,stock_code,quantity,avg_buy_price,eval_amount,profit_rate,currency,synced_at) VALUES
(1,1,'005930',5.000000,70500.0000,359000.0000,1.84,'KRW','2026-06-19 08:00:00');

INSERT INTO peer_benchmarks (id,age_band,gender_band,asset_band,asset_category,avg_ratio,updated_at) VALUES
(1,'20대','FEMALE','1억미만','STOCK',0.1800,'2026-01-01 00:00:00'),
(2,'20대','FEMALE','1억미만','SAVINGS',0.5500,'2026-01-01 00:00:00'),
(3,'20대','FEMALE','1억미만','FUND',0.1200,'2026-01-01 00:00:00'),
(4,'20대','FEMALE','1억미만','ETC',0.1500,'2026-01-01 00:00:00'),
(5,'20대','MALE','1억미만','STOCK',0.2500,'2026-01-01 00:00:00'),
(6,'20대','MALE','1억미만','SAVINGS',0.4500,'2026-01-01 00:00:00'),
(7,'20대','MALE','1억미만','FUND',0.1500,'2026-01-01 00:00:00'),
(8,'20대','MALE','1억미만','ETC',0.1500,'2026-01-01 00:00:00'),
(9,'30대','FEMALE','1억미만','STOCK',0.1200,'2026-01-01 00:00:00'),
(10,'30대','FEMALE','1억미만','SAVINGS',0.4800,'2026-01-01 00:00:00'),
(11,'30대','FEMALE','1억미만','FUND',0.1500,'2026-01-01 00:00:00'),
(12,'30대','FEMALE','1억미만','ETC',0.2500,'2026-01-01 00:00:00'),
(13,'30대','FEMALE','1~3억','STOCK',0.2000,'2026-01-01 00:00:00'),
(14,'30대','FEMALE','1~3억','SAVINGS',0.4200,'2026-01-01 00:00:00'),
(15,'30대','FEMALE','1~3억','FUND',0.2000,'2026-01-01 00:00:00'),
(16,'30대','FEMALE','1~3억','ETC',0.1800,'2026-01-01 00:00:00'),
(17,'30대','MALE','1억미만','STOCK',0.2200,'2026-01-01 00:00:00'),
(18,'30대','MALE','1억미만','SAVINGS',0.4000,'2026-01-01 00:00:00'),
(19,'30대','MALE','1억미만','FUND',0.2000,'2026-01-01 00:00:00'),
(20,'30대','MALE','1억미만','ETC',0.1800,'2026-01-01 00:00:00'),
(21,'30대','MALE','1~3억','STOCK',0.3000,'2026-01-01 00:00:00'),
(22,'30대','MALE','1~3억','SAVINGS',0.3500,'2026-01-01 00:00:00'),
(23,'30대','MALE','1~3억','FUND',0.2200,'2026-01-01 00:00:00'),
(24,'30대','MALE','1~3억','ETC',0.1300,'2026-01-01 00:00:00'),
(25,'40대','FEMALE','1억미만','STOCK',0.1000,'2026-01-01 00:00:00'),
(26,'40대','FEMALE','1억미만','SAVINGS',0.5200,'2026-01-01 00:00:00'),
(27,'40대','FEMALE','1억미만','FUND',0.1800,'2026-01-01 00:00:00'),
(28,'40대','FEMALE','1억미만','ETC',0.2000,'2026-01-01 00:00:00'),
(29,'40대','FEMALE','1~3억','STOCK',0.1800,'2026-01-01 00:00:00'),
(30,'40대','FEMALE','1~3억','SAVINGS',0.4500,'2026-01-01 00:00:00'),
(31,'40대','FEMALE','1~3억','FUND',0.2200,'2026-01-01 00:00:00'),
(32,'40대','FEMALE','1~3억','ETC',0.1500,'2026-01-01 00:00:00'),
(33,'40대','MALE','1~3억','STOCK',0.2800,'2026-01-01 00:00:00'),
(34,'40대','MALE','1~3억','SAVINGS',0.3800,'2026-01-01 00:00:00'),
(35,'40대','MALE','1~3억','FUND',0.2000,'2026-01-01 00:00:00'),
(36,'40대','MALE','1~3억','ETC',0.1400,'2026-01-01 00:00:00'),
(37,'40대','MALE','3~5억','STOCK',0.3500,'2026-01-01 00:00:00'),
(38,'40대','MALE','3~5억','SAVINGS',0.3200,'2026-01-01 00:00:00'),
(39,'40대','MALE','3~5억','FUND',0.2300,'2026-01-01 00:00:00'),
(40,'40대','MALE','3~5억','ETC',0.1000,'2026-01-01 00:00:00'),
(41,'50대','FEMALE','1~3억','STOCK',0.1200,'2026-01-01 00:00:00'),
(42,'50대','FEMALE','1~3억','SAVINGS',0.5500,'2026-01-01 00:00:00'),
(43,'50대','FEMALE','1~3억','FUND',0.1800,'2026-01-01 00:00:00'),
(44,'50대','FEMALE','1~3억','ETC',0.1500,'2026-01-01 00:00:00'),
(45,'50대','MALE','3~5억','STOCK',0.2500,'2026-01-01 00:00:00'),
(46,'50대','MALE','3~5억','SAVINGS',0.4000,'2026-01-01 00:00:00'),
(47,'50대','MALE','3~5억','FUND',0.2200,'2026-01-01 00:00:00'),
(48,'50대','MALE','3~5억','ETC',0.1300,'2026-01-01 00:00:00'),
(49,'50대','MALE','5억이상','STOCK',0.3800,'2026-01-01 00:00:00'),
(50,'50대','MALE','5억이상','SAVINGS',0.3000,'2026-01-01 00:00:00'),
(51,'50대','MALE','5억이상','FUND',0.2500,'2026-01-01 00:00:00'),
(52,'50대','MALE','5억이상','ETC',0.0700,'2026-01-01 00:00:00');

INSERT INTO stock_events (id,stock_code,event_type,event_date,title,detail,created_at) VALUES
(1,'005930','DIVIDEND','2026-06-27','삼성전자 배당락일','주당 배당금 361원','2026-06-01 00:00:00'),
(2,'066570','DIVIDEND','2026-06-28','LG전자 배당락일','주당 배당금 500원','2026-06-01 00:00:00'),
(3,'000660','EARNINGS','2026-07-24','SK하이닉스 2Q26 실적발표',NULL,'2026-06-01 00:00:00');

INSERT INTO category_sector_map (id,category,sector,weight) VALUES
(1,'식료품·비주류음료','소비재',0.3500),
(2,'음식·숙박','소비재',0.2500),
(3,'교통','운송',0.1000),
(4,'보건','헬스케어',0.1500),
(5,'교육','교육서비스',0.0800),
(6,'오락·문화','미디어',0.0500),
(7,'주거·수도·광열','리츠',0.1500),
(8,'정보통신','IT',0.1000),
(9,'의류·신발','소비재',0.2000),
(10,'가정용품·가사서비스','소비재',0.1500),
(11,'기타상품·서비스','소비재',0.2000);

INSERT INTO notification_settings (id,user_id,push_token,platform,notify_trade,notify_goal,notify_unfilled,notify_marketing,created_at,updated_at) VALUES
(1,1,NULL,'IOS',TRUE,TRUE,TRUE,FALSE,'2026-01-15 10:00:00','2026-01-15 10:00:00');
